{"aar":{"639-1":"aa","639-2":"aar","de":["Danakil-Sprache"],"en":["Afar"],"fr":["afar"],"wikiUrl":"https://en.wikipedia.org/wiki/Afar_language"},"abk":{"639-1":"ab","639-2":"abk","de":["Abchasisch"],"en":["Abkhazian"],"fr":["abkhaze"],"wikiUrl":"https://en.wikipedia.org/wiki/Abkhazian_language"},"ace":{"639-2":"ace","de":["Aceh-Sprache"],"en":["Achinese"],"fr":["aceh"],"wikiUrl":"https://en.wikipedia.org/wiki/Achinese_language"},"ach":{"639-2":"ach","de":["Acholi-Sprache"],"en":["Acoli"],"fr":["acoli"],"wikiUrl":"https://en.wikipedia.org/wiki/Acoli_language"},"ada":{"639-2":"ada","de":["Adangme-Sprache"],"en":["Adangme"],"fr":["adangme"],"wikiUrl":"https://en.wikipedia.org/wiki/Adangme_language"},"ady":{"639-2":"ady","de":["Adygisch"],"en":["Adyghe","Adygei"],"fr":["adyghé"],"wikiUrl":"https://en.wikipedia.org/wiki/Adyghe_language"},"afa":{"639-2":"afa","de":["Hamitosemitische Sprachen (Andere)"],"en":["Afro-Asiatic languages"],"fr":["afro-asiatiques, langues"],"wikiUrl":"https://en.wikipedia.org/wiki/Afro-Asiatic_languages"},"afh":{"639-2":"afh","de":["Afrihili"],"en":["Afrihili"],"fr":["afrihili"],"wikiUrl":"https://en.wikipedia.org/wiki/Afrihili_language"},"afr":{"639-1":"af","639-2":"afr","de":["Afrikaans"],"en":["Afrikaans"],"fr":["afrikaans"],"wikiUrl":"https://en.wikipedia.org/wiki/Afrikaans_language"},"ain":{"639-2":"ain","de":["Ainu-Sprache"],"en":["Ainu"],"fr":["aïnou"],"wikiUrl":"https://en.wikipedia.org/wiki/Ainu_language_(Japan)"},"aka":{"639-1":"ak","639-2":"aka","de":["Akan-Sprache"],"en":["Akan"],"fr":["akan"],"wikiUrl":"https://en.wikipedia.org/wiki/Akan_language"},"akk":{"639-2":"akk","de":["Akkadisch"],"en":["Akkadian"],"fr":["akkadien"],"wikiUrl":"https://en.wikipedia.org/wiki/Akkadian_language"},"alb":{"639-1":"sq","639-2":"sqi","639-2/B":"alb","de":["Albanisch"],"en":["Albanian"],"fr":["albanais"],"wikiUrl":"https://en.wikipedia.org/wiki/Albanian_languages"},"ale":{"639-2":"ale","de":["Aleutisch"],"en":["Aleut"],"fr":["aléoute"],"wikiUrl":"https://en.wikipedia.org/wiki/Aleut_language"},"alg":{"639-2":"alg","de":["Algonkin-Sprachen (Andere)"],"en":["Algonquian languages"],"fr":["algonquines, langues"],"wikiUrl":"https://en.wikipedia.org/wiki/Algonquian_languages"},"alt":{"639-2":"alt","de":["Altaisch"],"en":["Southern Altai"],"fr":["altai du Sud"],"wikiUrl":"https://en.wikipedia.org/wiki/Southern_Altai_language"},"amh":{"639-1":"am","639-2":"amh","de":["Amharisch"],"en":["Amharic"],"fr":["amharique"],"wikiUrl":"https://en.wikipedia.org/wiki/Amharic_language"},"ang":{"639-2":"ang","de":["Altenglisch"],"en":["English, Old (ca.450-1100)"],"fr":["anglo-saxon (ca.450-1100)"],"wikiUrl":"https://en.wikipedia.org/wiki/Old_English_language"},"anp":{"639-2":"anp","de":["Anga-Sprache"],"en":["Angika"],"fr":["angika"],"wikiUrl":"https://en.wikipedia.org/wiki/Angika_language"},"apa":{"639-2":"apa","de":["Apachen-Sprachen"],"en":["Apache languages"],"fr":["apaches, langues"],"wikiUrl":"https://en.wikipedia.org/wiki/Apache_languages"},"ara":{"639-1":"ar","639-2":"ara","de":["Arabisch"],"en":["Arabic"],"fr":["arabe"],"wikiUrl":"https://en.wikipedia.org/wiki/Arabic_language"},"arc":{"639-2":"arc","de":["Aramäisch"],"en":["Official Aramaic (700-300 BCE)","Imperial Aramaic (700-300 BCE)"],"fr":["araméen d'empire (700-300 BCE)"],"wikiUrl":"https://en.wikipedia.org/wiki/Official_Aramaic_language"},"arg":{"639-1":"an","639-2":"arg","de":["Aragonesisch"],"en":["Aragonese"],"fr":["aragonais"],"wikiUrl":"https://en.wikipedia.org/wiki/Aragonese_language"},"arm":{"639-1":"hy","639-2":"hye","639-2/B":"arm","de":["Armenisch"],"en":["Armenian"],"fr":["arménien"],"wikiUrl":"https://en.wikipedia.org/wiki/Armenian_language"},"arn":{"639-2":"arn","de":["Arauka-Sprachen"],"en":["Mapudungun","Mapuche"],"fr":["mapudungun","mapuche","mapuce"],"wikiUrl":"https://en.wikipedia.org/wiki/Mapudungun_language"},"arp":{"639-2":"arp","de":["Arapaho-Sprache"],"en":["Arapaho"],"fr":["arapaho"],"wikiUrl":"https://en.wikipedia.org/wiki/Arapaho_language"},"art":{"639-2":"art","de":["Kunstsprachen (Andere)"],"en":["Artificial languages"],"fr":["artificielles, langues"],"wikiUrl":"https://en.wikipedia.org/wiki/Artificial_languages"},"arw":{"639-2":"arw","de":["Arawak-Sprachen"],"en":["Arawak"],"fr":["arawak"],"wikiUrl":"https://en.wikipedia.org/wiki/Arawak_language"},"asm":{"639-1":"as","639-2":"asm","de":["Assamesisch"],"en":["Assamese"],"fr":["assamais"],"wikiUrl":"https://en.wikipedia.org/wiki/Assamese_language"},"ast":{"639-2":"ast","de":["Asturisch"],"en":["Asturian","Bable","Leonese","Asturleonese"],"fr":["asturien","bable","léonais","asturoléonais"],"wikiUrl":"https://en.wikipedia.org/wiki/Asturian_language"},"ath":{"639-2":"ath","de":["Athapaskische Sprachen (Andere)"],"en":["Athapascan languages"],"fr":["athapascanes, langues"],"wikiUrl":"https://en.wikipedia.org/wiki/Athapascan_languages"},"aus":{"639-2":"aus","de":["Australische Sprachen"],"en":["Australian languages"],"fr":["australiennes, langues"],"wikiUrl":"https://en.wikipedia.org/wiki/Australian_languages"},"ava":{"639-1":"av","639-2":"ava","de":["Awarisch"],"en":["Avaric"],"fr":["avar"],"wikiUrl":"https://en.wikipedia.org/wiki/Avaric_language"},"ave":{"639-1":"ae","639-2":"ave","de":["Avestisch"],"en":["Avestan"],"fr":["avestique"],"wikiUrl":"https://en.wikipedia.org/wiki/Avestan_language"},"awa":{"639-2":"awa","de":["Awadhi"],"en":["Awadhi"],"fr":["awadhi"],"wikiUrl":"https://en.wikipedia.org/wiki/Awadhi_language"},"aym":{"639-1":"ay","639-2":"aym","de":["Aymará-Sprache"],"en":["Aymara"],"fr":["aymara"],"wikiUrl":"https://en.wikipedia.org/wiki/Aymara_language"},"aze":{"639-1":"az","639-2":"aze","de":["Aserbeidschanisch"],"en":["Azerbaijani"],"fr":["azéri"],"wikiUrl":"https://en.wikipedia.org/wiki/Azerbaijani_language"},"bad":{"639-2":"bad","de":["Banda-Sprachen (Ubangi-Sprachen)"],"en":["Banda languages"],"fr":["banda, langues"],"wikiUrl":"https://en.wikipedia.org/wiki/Banda_languages"},"bai":{"639-2":"bai","de":["Bamileke-Sprachen"],"en":["Bamileke languages"],"fr":["bamiléké, langues"],"wikiUrl":"https://en.wikipedia.org/wiki/Bamileke_languages"},"bak":{"639-1":"ba","639-2":"bak","de":["Baschkirisch"],"en":["Bashkir"],"fr":["bachkir"],"wikiUrl":"https://en.wikipedia.org/wiki/Bashkir_language"},"bal":{"639-2":"bal","de":["Belutschisch"],"en":["Baluchi"],"fr":["baloutchi"],"wikiUrl":"https://en.wikipedia.org/wiki/Baluchi_language"},"bam":{"639-1":"bm","639-2":"bam","de":["Bambara-Sprache"],"en":["Bambara"],"fr":["bambara"],"wikiUrl":"https://en.wikipedia.org/wiki/Bambara_language"},"ban":{"639-2":"ban","de":["Balinesisch"],"en":["Balinese"],"fr":["balinais"],"wikiUrl":"https://en.wikipedia.org/wiki/Balinese_language"},"baq":{"639-1":"eu","639-2":"eus","639-2/B":"baq","de":["Baskisch"],"en":["Basque"],"fr":["basque"],"wikiUrl":"https://en.wikipedia.org/wiki/Basque_language"},"bas":{"639-2":"bas","de":["Basaa-Sprache"],"en":["Basa"],"fr":["basa"],"wikiUrl":"https://en.wikipedia.org/wiki/Basa_language_(Cameroon)"},"bat":{"639-2":"bat","de":["Baltische Sprachen (Andere)"],"en":["Baltic languages"],"fr":["baltes, langues"],"wikiUrl":"https://en.wikipedia.org/wiki/Baltic_languages"},"bej":{"639-2":"bej","de":["Bedauye"],"en":["Beja","Bedawiyet"],"fr":["bedja"],"wikiUrl":"https://en.wikipedia.org/wiki/Beja_language"},"bel":{"639-1":"be","639-2":"bel","de":["Weißrussisch"],"en":["Belarusian"],"fr":["biélorusse"],"wikiUrl":"https://en.wikipedia.org/wiki/Belarusian_language"},"bem":{"639-2":"bem","de":["Bemba-Sprache"],"en":["Bemba"],"fr":["bemba"],"wikiUrl":"https://en.wikipedia.org/wiki/Bemba_language_(Zambia)"},"ben":{"639-1":"bn","639-2":"ben","de":["Bengali"],"en":["Bengali"],"fr":["bengali"],"wikiUrl":"https://en.wikipedia.org/wiki/Bengali_language"},"ber":{"639-2":"ber","de":["Berbersprachen (Andere)"],"en":["Berber languages"],"fr":["berbères, langues"],"wikiUrl":"https://en.wikipedia.org/wiki/Berber_languages"},"bho":{"639-2":"bho","de":["Bhojpuri"],"en":["Bhojpuri"],"fr":["bhojpuri"],"wikiUrl":"https://en.wikipedia.org/wiki/Bhojpuri_language"},"bih":{"639-1":"bh","639-2":"bih","de":["Bihari (Andere)"],"en":["Bihari languages"],"fr":["langues biharis"],"wikiUrl":"https://en.wikipedia.org/wiki/Bihari_languages"},"bik":{"639-2":"bik","de":["Bikol-Sprache"],"en":["Bikol"],"fr":["bikol"],"wikiUrl":"https://en.wikipedia.org/wiki/Bikol_language"},"bin":{"639-2":"bin","de":["Edo-Sprache"],"en":["Bini","Edo"],"fr":["bini","edo"],"wikiUrl":"https://en.wikipedia.org/wiki/Bini_language"},"bis":{"639-1":"bi","639-2":"bis","de":["Beach-la-mar"],"en":["Bislama"],"fr":["bichlamar"],"wikiUrl":"https://en.wikipedia.org/wiki/Bislama_language"},"bla":{"639-2":"bla","de":["Blackfoot-Sprache"],"en":["Siksika"],"fr":["blackfoot"],"wikiUrl":"https://en.wikipedia.org/wiki/Siksika_language"},"bnt":{"639-2":"bnt","de":["Bantusprachen (Andere)"],"en":["Bantu languages"],"fr":["bantou, langues"],"wikiUrl":"https://en.wikipedia.org/wiki/Bantu_languages"},"bod":{"639-1":"bo","639-2":"bod","639-2/B":"tib","de":["Tibetisch"],"en":["Tibetan"],"fr":["tibétain"],"wikiUrl":"https://en.wikipedia.org/wiki/Standard_Tibetan"},"bos":{"639-1":"bs","639-2":"bos","de":["Bosnisch"],"en":["Bosnian"],"fr":["bosniaque"],"wikiUrl":"https://en.wikipedia.org/wiki/Bosnian_language"},"bra":{"639-2":"bra","de":["Braj-Bhakha"],"en":["Braj"],"fr":["braj"],"wikiUrl":"https://en.wikipedia.org/wiki/Braj_language"},"bre":{"639-1":"br","639-2":"bre","de":["Bretonisch"],"en":["Breton"],"fr":["breton"],"wikiUrl":"https://en.wikipedia.org/wiki/Breton_language"},"btk":{"639-2":"btk","de":["Batak-Sprache"],"en":["Batak languages"],"fr":["batak, langues"],"wikiUrl":"https://en.wikipedia.org/wiki/Batak_languages"},"bua":{"639-2":"bua","de":["Burjatisch"],"en":["Buriat"],"fr":["bouriate"],"wikiUrl":"https://en.wikipedia.org/wiki/Buriat_language"},"bug":{"639-2":"bug","de":["Bugi-Sprache"],"en":["Buginese"],"fr":["bugi"],"wikiUrl":"https://en.wikipedia.org/wiki/Buginese_language"},"bul":{"639-1":"bg","639-2":"bul","de":["Bulgarisch"],"en":["Bulgarian"],"fr":["bulgare"],"wikiUrl":"https://en.wikipedia.org/wiki/Bulgarian_language"},"bur":{"639-1":"my","639-2":"mya","639-2/B":"bur","de":["Birmanisch"],"en":["Burmese"],"fr":["birman"],"wikiUrl":"https://en.wikipedia.org/wiki/Burmese_language"},"byn":{"639-2":"byn","de":["Bilin-Sprache"],"en":["Blin","Bilin"],"fr":["blin","bilen"],"wikiUrl":"https://en.wikipedia.org/wiki/Bilin_language"},"cad":{"639-2":"cad","de":["Caddo-Sprachen"],"en":["Caddo"],"fr":["caddo"],"wikiUrl":"https://en.wikipedia.org/wiki/Caddo_language"},"cai":{"639-2":"cai","de":["Indianersprachen, Zentralamerika (Andere)"],"en":["Central American Indian languages"],"fr":["amérindiennes de l'Amérique centrale,  langues"],"wikiUrl":"https://en.wikipedia.org/wiki/Central_American_Indian_languages"},"car":{"639-2":"car","de":["Karibische Sprachen"],"en":["Galibi Carib"],"fr":["karib","galibi","carib"],"wikiUrl":"https://en.wikipedia.org/wiki/Galibi_Carib_language"},"cat":{"639-1":"ca","639-2":"cat","de":["Katalanisch"],"en":["Catalan","Valencian"],"fr":["catalan","valencien"],"wikiUrl":"https://en.wikipedia.org/wiki/Catalan_language"},"cau":{"639-2":"cau","de":["Kaukasische Sprachen (Andere)"],"en":["Caucasian languages"],"fr":["caucasiennes, langues"],"wikiUrl":"https://en.wikipedia.org/wiki/Caucasian_languages"},"ceb":{"639-2":"ceb","de":["Cebuano"],"en":["Cebuano"],"fr":["cebuano"],"wikiUrl":"https://en.wikipedia.org/wiki/Cebuano_language"},"cel":{"639-2":"cel","de":["Keltische Sprachen (Andere)"],"en":["Celtic languages"],"fr":["celtiques, langues","celtes, langues"],"wikiUrl":"https://en.wikipedia.org/wiki/Celtic_languages"},"ces":{"639-1":"cs","639-2":"ces","639-2/B":"cze","de":["Tschechisch"],"en":["Czech"],"fr":["tchèque"],"wikiUrl":"https://en.wikipedia.org/wiki/Czech_language"},"cha":{"639-1":"ch","639-2":"cha","de":["Chamorro-Sprache"],"en":["Chamorro"],"fr":["chamorro"],"wikiUrl":"https://en.wikipedia.org/wiki/Chamorro_language"},"chb":{"639-2":"chb","de":["Chibcha-Sprachen"],"en":["Chibcha"],"fr":["chibcha"],"wikiUrl":"https://en.wikipedia.org/wiki/Chibcha_language"},"che":{"639-1":"ce","639-2":"che","de":["Tschetschenisch"],"en":["Chechen"],"fr":["tchétchène"],"wikiUrl":"https://en.wikipedia.org/wiki/Chechen_language"},"chg":{"639-2":"chg","de":["Tschagataisch"],"en":["Chagatai"],"fr":["djaghataï"],"wikiUrl":"https://en.wikipedia.org/wiki/Chagatai_language"},"chi":{"639-1":"zh","639-2":"zho","639-2/B":"chi","de":["Chinesisch"],"en":["Chinese"],"fr":["chinois"],"wikiUrl":"https://en.wikipedia.org/wiki/Chinese_language"},"chk":{"639-2":"chk","de":["Trukesisch"],"en":["Chuukese"],"fr":["chuuk"],"wikiUrl":"https://en.wikipedia.org/wiki/Chuukese_language"},"chm":{"639-2":"chm","de":["Tscheremissisch"],"en":["Mari"],"fr":["mari"],"wikiUrl":"https://en.wikipedia.org/wiki/Mari_language_(Russia)"},"chn":{"639-2":"chn","de":["Chinook-Jargon"],"en":["Chinook jargon"],"fr":["chinook, jargon"],"wikiUrl":"https://en.wikipedia.org/wiki/Chinook_jargon_language"},"cho":{"639-2":"cho","de":["Choctaw-Sprache"],"en":["Choctaw"],"fr":["choctaw"],"wikiUrl":"https://en.wikipedia.org/wiki/Choctaw_language"},"chp":{"639-2":"chp","de":["Chipewyan-Sprache"],"en":["Chipewyan","Dene Suline"],"fr":["chipewyan"],"wikiUrl":"https://en.wikipedia.org/wiki/Chipewyan_language"},"chr":{"639-2":"chr","de":["Cherokee-Sprache"],"en":["Cherokee"],"fr":["cherokee"],"wikiUrl":"https://en.wikipedia.org/wiki/Cherokee_language"},"chu":{"639-1":"cu","639-2":"chu","de":["Kirchenslawisch"],"en":["Church Slavic","Old Slavonic","Church Slavonic","Old Bulgarian","Old Church Slavonic"],"fr":["slavon d'église","vieux slave","slavon liturgique","vieux bulgare"],"wikiUrl":"https://en.wikipedia.org/wiki/Church_Slavic_language"},"chv":{"639-1":"cv","639-2":"chv","de":["Tschuwaschisch"],"en":["Chuvash"],"fr":["tchouvache"],"wikiUrl":"https://en.wikipedia.org/wiki/Chuvash_language"},"chy":{"639-2":"chy","de":["Cheyenne-Sprache"],"en":["Cheyenne"],"fr":["cheyenne"],"wikiUrl":"https://en.wikipedia.org/wiki/Cheyenne_language"},"cmc":{"639-2":"cmc","de":["Cham-Sprachen"],"en":["Chamic languages"],"fr":["chames, langues"],"wikiUrl":"https://en.wikipedia.org/wiki/Chamic_languages"},"cop":{"639-2":"cop","de":["Koptisch"],"en":["Coptic"],"fr":["copte"],"wikiUrl":"https://en.wikipedia.org/wiki/Coptic_language"},"cor":{"639-1":"kw","639-2":"cor","de":["Kornisch"],"en":["Cornish"],"fr":["cornique"],"wikiUrl":"https://en.wikipedia.org/wiki/Cornish_language"},"cos":{"639-1":"co","639-2":"cos","de":["Korsisch"],"en":["Corsican"],"fr":["corse"],"wikiUrl":"https://en.wikipedia.org/wiki/Corsican_language"},"cpe":{"639-2":"cpe","de":["Kreolisch-Englisch (Andere)"],"en":["Creoles and pidgins, English based"],"fr":["créoles et pidgins basés sur l'anglais"],"wikiUrl":"https://en.wikipedia.org/wiki/English_based_Creoles"},"cpf":{"639-2":"cpf","de":["Kreolisch-Französisch (Andere)"],"en":["Creoles and pidgins, French-based"],"fr":["créoles et pidgins basés sur le français"],"wikiUrl":"https://en.wikipedia.org/wiki/French-Based_Creoles"},"cpp":{"639-2":"cpp","de":["Kreolisch-Portugiesisch (Andere)"],"en":["Creoles and pidgins, Portuguese-based"],"fr":["créoles et pidgins basés sur le portugais"],"wikiUrl":"https://en.wikipedia.org/wiki/Portuguese-Based_Creoles"},"cre":{"639-1":"cr","639-2":"cre","de":["Cree-Sprache"],"en":["Cree"],"fr":["cree"],"wikiUrl":"https://en.wikipedia.org/wiki/Cree_language"},"crh":{"639-2":"crh","de":["Krimtatarisch"],"en":["Crimean Tatar","Crimean Turkish"],"fr":["tatar de Crimé"],"wikiUrl":"https://en.wikipedia.org/wiki/Crimean_Tatar_language"},"crp":{"639-2":"crp","de":["Kreolische Sprachen","Pidginsprachen (Andere)"],"en":["Creoles and pidgins"],"fr":["créoles et pidgins"],"wikiUrl":"https://en.wikipedia.org/wiki/Creole_language"},"csb":{"639-2":"csb","de":["Kaschubisch"],"en":["Kashubian"],"fr":["kachoube"],"wikiUrl":"https://en.wikipedia.org/wiki/Kashubian_language"},"cus":{"639-2":"cus","de":["Kuschitische Sprachen (Andere)"],"en":["Cushitic languages"],"fr":["couchitiques,  langues"],"wikiUrl":"https://en.wikipedia.org/wiki/Cushitic_languages"},"cym":{"639-1":"cy","639-2":"cym","639-2/B":"wel","de":["Kymrisch"],"en":["Welsh"],"fr":["gallois"],"wikiUrl":"https://en.wikipedia.org/wiki/Welsh_language"},"cze":{"639-1":"cs","639-2":"ces","639-2/B":"cze","de":["Tschechisch"],"en":["Czech"],"fr":["tchèque"],"wikiUrl":"https://en.wikipedia.org/wiki/Czech_language"},"dak":{"639-2":"dak","de":["Dakota-Sprache"],"en":["Dakota"],"fr":["dakota"],"wikiUrl":"https://en.wikipedia.org/wiki/Dakota_language"},"dan":{"639-1":"da","639-2":"dan","de":["Dänisch"],"en":["Danish"],"fr":["danois"],"wikiUrl":"https://en.wikipedia.org/wiki/Danish_language"},"dar":{"639-2":"dar","de":["Darginisch"],"en":["Dargwa"],"fr":["dargwa"],"wikiUrl":"https://en.wikipedia.org/wiki/Dargwa_language"},"day":{"639-2":"day","de":["Dajakisch"],"en":["Land Dayak languages"],"fr":["dayak, langues"],"wikiUrl":"https://en.wikipedia.org/wiki/Land_Dayak_languages"},"del":{"639-2":"del","de":["Delaware-Sprache"],"en":["Delaware"],"fr":["delaware"],"wikiUrl":"https://en.wikipedia.org/wiki/Delaware_language"},"den":{"639-2":"den","de":["Slave-Sprache"],"en":["Slave (Athapascan)"],"fr":["esclave (athapascan)"],"wikiUrl":"https://en.wikipedia.org/wiki/Slave_language_(Athapascan)"},"deu":{"639-1":"de","639-2":"deu","639-2/B":"ger","de":["Deutsch"],"en":["German"],"fr":["allemand"],"wikiUrl":"https://en.wikipedia.org/wiki/German_language"},"dgr":{"639-2":"dgr","de":["Dogrib-Sprache"],"en":["Dogrib"],"fr":["dogrib"],"wikiUrl":"https://en.wikipedia.org/wiki/Dogrib_language"},"din":{"639-2":"din","de":["Dinka-Sprache"],"en":["Dinka"],"fr":["dinka"],"wikiUrl":"https://en.wikipedia.org/wiki/Dinka_language"},"div":{"639-1":"dv","639-2":"div","de":["Maledivisch"],"en":["Divehi","Dhivehi","Maldivian"],"fr":["maldivien"],"wikiUrl":"https://en.wikipedia.org/wiki/Dhivehi_language"},"doi":{"639-2":"doi","de":["Dogri"],"en":["Dogri"],"fr":["dogri"],"wikiUrl":"https://en.wikipedia.org/wiki/Dogri_language"},"dra":{"639-2":"dra","de":["Drawidische Sprachen (Andere)"],"en":["Dravidian languages"],"fr":["dravidiennes,  langues"],"wikiUrl":"https://en.wikipedia.org/wiki/Dravidian_languages"},"dsb":{"639-2":"dsb","de":["Niedersorbisch"],"en":["Lower Sorbian"],"fr":["bas-sorabe"],"wikiUrl":"https://en.wikipedia.org/wiki/Lower_Sorbian_language"},"dua":{"639-2":"dua","de":["Duala-Sprachen"],"en":["Duala"],"fr":["douala"],"wikiUrl":"https://en.wikipedia.org/wiki/Duala_language"},"dum":{"639-2":"dum","de":["Mittelniederländisch"],"en":["Dutch, Middle (ca.1050-1350)"],"fr":["néerlandais moyen (ca. 1050-1350)"],"wikiUrl":"https://en.wikipedia.org/wiki/Middle_Dutch_language"},"dut":{"639-1":"nl","639-2":"nld","639-2/B":"dut","de":["Niederländisch"],"en":["Dutch","Flemish"],"fr":["néerlandais","flamand"],"wikiUrl":"https://en.wikipedia.org/wiki/Dutch_language"},"dyu":{"639-2":"dyu","de":["Dyula-Sprache"],"en":["Dyula"],"fr":["dioula"],"wikiUrl":"https://en.wikipedia.org/wiki/Dyula_language"},"dzo":{"639-1":"dz","639-2":"dzo","de":["Dzongkha"],"en":["Dzongkha"],"fr":["dzongkha"],"wikiUrl":"https://en.wikipedia.org/wiki/Dzongkha_language"},"efi":{"639-2":"efi","de":["Efik"],"en":["Efik"],"fr":["efik"],"wikiUrl":"https://en.wikipedia.org/wiki/Efik_language"},"egy":{"639-2":"egy","de":["Ägyptisch"],"en":["Egyptian (Ancient)"],"fr":["égyptien"],"wikiUrl":"https://en.wikipedia.org/wiki/Egyptian_language_(Ancient)"},"eka":{"639-2":"eka","de":["Ekajuk"],"en":["Ekajuk"],"fr":["ekajuk"],"wikiUrl":"https://en.wikipedia.org/wiki/Ekajuk_language"},"ell":{"639-1":"el","639-2":"ell","639-2/B":"gre","de":["Neugriechisch"],"en":["Greek, Modern (1453-)"],"fr":["grec moderne (après 1453)"],"wikiUrl":"https://en.wikipedia.org/wiki/Modern_Greek_language"},"elx":{"639-2":"elx","de":["Elamisch"],"en":["Elamite"],"fr":["élamite"],"wikiUrl":"https://en.wikipedia.org/wiki/Elamite_language"},"eng":{"639-1":"en","639-2":"eng","de":["Englisch"],"en":["English"],"fr":["anglais"],"wikiUrl":"https://en.wikipedia.org/wiki/English_language"},"enm":{"639-2":"enm","de":["Mittelenglisch"],"en":["English, Middle (1100-1500)"],"fr":["anglais moyen (1100-1500)"],"wikiUrl":"https://en.wikipedia.org/wiki/Middle_English_language"},"epo":{"639-1":"eo","639-2":"epo","de":["Esperanto"],"en":["Esperanto"],"fr":["espéranto"],"wikiUrl":"https://en.wikipedia.org/wiki/Esperanto_language"},"est":{"639-1":"et","639-2":"est","de":["Estnisch"],"en":["Estonian"],"fr":["estonien"],"wikiUrl":"https://en.wikipedia.org/wiki/Estonian_language"},"eus":{"639-1":"eu","639-2":"eus","639-2/B":"baq","de":["Baskisch"],"en":["Basque"],"fr":["basque"],"wikiUrl":"https://en.wikipedia.org/wiki/Basque_language"},"ewe":{"639-1":"ee","639-2":"ewe","de":["Ewe-Sprache"],"en":["Ewe"],"fr":["éwé"],"wikiUrl":"https://en.wikipedia.org/wiki/Ewe_language"},"ewo":{"639-2":"ewo","de":["Ewondo"],"en":["Ewondo"],"fr":["éwondo"],"wikiUrl":"https://en.wikipedia.org/wiki/Ewondo_language"},"fan":{"639-2":"fan","de":["Pangwe-Sprache"],"en":["Fang"],"fr":["fang"],"wikiUrl":"https://en.wikipedia.org/wiki/Fang_language_(Equatorial_Guinea)"},"fao":{"639-1":"fo","639-2":"fao","de":["Färöisch"],"en":["Faroese"],"fr":["féroïen"],"wikiUrl":"https://en.wikipedia.org/wiki/Faroese_language"},"fas":{"639-1":"fa","639-2":"fas","639-2/B":"per","de":["Persisch"],"en":["Persian"],"fr":["persan"],"wikiUrl":"https://en.wikipedia.org/wiki/Persian_language"},"fat":{"639-2":"fat","de":["Fante-Sprache"],"en":["Fanti"],"fr":["fanti"],"wikiUrl":"https://en.wikipedia.org/wiki/Fanti_language"},"fij":{"639-1":"fj","639-2":"fij","de":["Fidschi-Sprache"],"en":["Fijian"],"fr":["fidjien"],"wikiUrl":"https://en.wikipedia.org/wiki/Fijian_language"},"fil":{"639-2":"fil","de":["Pilipino"],"en":["Filipino","Pilipino"],"fr":["filipino","pilipino"],"wikiUrl":"https://en.wikipedia.org/wiki/Filipino_language"},"fin":{"639-1":"fi","639-2":"fin","de":["Finnisch"],"en":["Finnish"],"fr":["finnois"],"wikiUrl":"https://en.wikipedia.org/wiki/Finnish_language"},"fiu":{"639-2":"fiu","de":["Finnougrische Sprachen (Andere)"],"en":["Finno-Ugrian languages"],"fr":["finno-ougriennes,  langues"],"wikiUrl":"https://en.wikipedia.org/wiki/Finno-Ugrian_languages"},"fon":{"639-2":"fon","de":["Fon-Sprache"],"en":["Fon"],"fr":["fon"],"wikiUrl":"https://en.wikipedia.org/wiki/Fon_language"},"fra":{"639-1":"fr","639-2":"fra","639-2/B":"fre","de":["Französisch"],"en":["French"],"fr":["français"],"wikiUrl":"https://en.wikipedia.org/wiki/French_language"},"fre":{"639-1":"fr","639-2":"fra","639-2/B":"fre","de":["Französisch"],"en":["French"],"fr":["français"],"wikiUrl":"https://en.wikipedia.org/wiki/French_language"},"frm":{"639-2":"frm","de":["Mittelfranzösisch"],"en":["French, Middle (ca.1400-1600)"],"fr":["français moyen (1400-1600)"],"wikiUrl":"https://en.wikipedia.org/wiki/Middle_French_language"},"fro":{"639-2":"fro","de":["Altfranzösisch"],"en":["French, Old (842-ca.1400)"],"fr":["français ancien (842-ca.1400)"],"wikiUrl":"https://en.wikipedia.org/wiki/Old_French_language"},"frr":{"639-2":"frr","de":["Nordfriesisch"],"en":["Northern Frisian"],"fr":["frison septentrional"],"wikiUrl":"https://en.wikipedia.org/wiki/Northern_Frisian_language"},"frs":{"639-2":"frs","de":["Ostfriesisch"],"en":["Eastern Frisian"],"fr":["frison oriental"],"wikiUrl":"https://en.wikipedia.org/wiki/Eastern_Frisian_language"},"fry":{"639-1":"fy","639-2":"fry","de":["Friesisch"],"en":["Western Frisian"],"fr":["frison occidental"],"wikiUrl":"https://en.wikipedia.org/wiki/Western_Frisian_language"},"ful":{"639-1":"ff","639-2":"ful","de":["Ful"],"en":["Fulah"],"fr":["peul"],"wikiUrl":"https://en.wikipedia.org/wiki/Fulah_language"},"fur":{"639-2":"fur","de":["Friulisch"],"en":["Friulian"],"fr":["frioulan"],"wikiUrl":"https://en.wikipedia.org/wiki/Friulian_language"},"gaa":{"639-2":"gaa","de":["Ga-Sprache"],"en":["Ga"],"fr":["ga"],"wikiUrl":"https://en.wikipedia.org/wiki/Ga_language"},"gay":{"639-2":"gay","de":["Gayo-Sprache"],"en":["Gayo"],"fr":["gayo"],"wikiUrl":"https://en.wikipedia.org/wiki/Gayo_language"},"gba":{"639-2":"gba","de":["Gbaya-Sprache"],"en":["Gbaya"],"fr":["gbaya"],"wikiUrl":"https://en.wikipedia.org/wiki/Gbaya_language_(Central_African_Republic)"},"gem":{"639-2":"gem","de":["Germanische Sprachen (Andere)"],"en":["Germanic languages"],"fr":["germaniques, langues"],"wikiUrl":"https://en.wikipedia.org/wiki/Germanic_languages"},"geo":{"639-1":"ka","639-2":"kat","639-2/B":"geo","de":["Georgisch"],"en":["Georgian"],"fr":["géorgien"],"wikiUrl":"https://en.wikipedia.org/wiki/Georgian_language"},"ger":{"639-1":"de","639-2":"deu","639-2/B":"ger","de":["Deutsch"],"en":["German"],"fr":["allemand"],"wikiUrl":"https://en.wikipedia.org/wiki/German_language"},"gez":{"639-2":"gez","de":["Altäthiopisch"],"en":["Geez"],"fr":["guèze"],"wikiUrl":"https://en.wikipedia.org/wiki/Ge%27ez_language"},"gil":{"639-2":"gil","de":["Gilbertesisch"],"en":["Gilbertese"],"fr":["kiribati"],"wikiUrl":"https://en.wikipedia.org/wiki/Gilbertese_language"},"gla":{"639-1":"gd","639-2":"gla","de":["Gälisch-Schottisch"],"en":["Gaelic","Scottish Gaelic"],"fr":["gaélique","gaélique écossais"],"wikiUrl":"https://en.wikipedia.org/wiki/Scottish_Gaelic_language"},"gle":{"639-1":"ga","639-2":"gle","de":["Irisch"],"en":["Irish"],"fr":["irlandais"],"wikiUrl":"https://en.wikipedia.org/wiki/Irish_language"},"glg":{"639-1":"gl","639-2":"glg","de":["Galicisch"],"en":["Galician"],"fr":["galicien"],"wikiUrl":"https://en.wikipedia.org/wiki/Galician_language"},"glv":{"639-1":"gv","639-2":"glv","de":["Manx"],"en":["Manx"],"fr":["manx","mannois"],"wikiUrl":"https://en.wikipedia.org/wiki/Manx_language"},"gmh":{"639-2":"gmh","de":["Mittelhochdeutsch"],"en":["German, Middle High (ca.1050-1500)"],"fr":["allemand, moyen haut (ca. 1050-1500)"],"wikiUrl":"https://en.wikipedia.org/wiki/Middle_High_German_language"},"goh":{"639-2":"goh","de":["Althochdeutsch"],"en":["German, Old High (ca.750-1050)"],"fr":["allemand, vieux haut (ca. 750-1050)"],"wikiUrl":"https://en.wikipedia.org/wiki/Old_High_German_language"},"gon":{"639-2":"gon","de":["Gondi-Sprache"],"en":["Gondi"],"fr":["gond"],"wikiUrl":"https://en.wikipedia.org/wiki/Gondi_language"},"gor":{"639-2":"gor","de":["Gorontalesisch"],"en":["Gorontalo"],"fr":["gorontalo"],"wikiUrl":"https://en.wikipedia.org/wiki/Gorontalo_language"},"got":{"639-2":"got","de":["Gotisch"],"en":["Gothic"],"fr":["gothique"],"wikiUrl":"https://en.wikipedia.org/wiki/Gothic_language"},"grb":{"639-2":"grb","de":["Grebo-Sprache"],"en":["Grebo"],"fr":["grebo"],"wikiUrl":"https://en.wikipedia.org/wiki/Grebo_language"},"grc":{"639-2":"grc","de":["Griechisch"],"en":["Greek, Ancient (to 1453)"],"fr":["grec ancien (jusqu'à 1453)"],"wikiUrl":"https://en.wikipedia.org/wiki/Ancient_Greek_language"},"gre":{"639-1":"el","639-2":"ell","639-2/B":"gre","de":["Neugriechisch"],"en":["Greek, Modern (1453-)"],"fr":["grec moderne (après 1453)"],"wikiUrl":"https://en.wikipedia.org/wiki/Modern_Greek_language"},"grn":{"639-1":"gn","639-2":"grn","de":["Guaraní-Sprache"],"en":["Guarani"],"fr":["guarani"],"wikiUrl":"https://en.wikipedia.org/wiki/Guarani_language"},"gsw":{"639-2":"gsw","de":["Schweizerdeutsch"],"en":["Swiss German","Alemannic","Alsatian"],"fr":["suisse alémanique","alémanique","alsacien"],"wikiUrl":"https://en.wikipedia.org/wiki/Swiss_German_language"},"guj":{"639-1":"gu","639-2":"guj","de":["Gujarati-Sprache"],"en":["Gujarati"],"fr":["goudjrati"],"wikiUrl":"https://en.wikipedia.org/wiki/Gujarati_language"},"gwi":{"639-2":"gwi","de":["Kutchin-Sprache"],"en":["Gwich'in"],"fr":["gwich'in"],"wikiUrl":"https://en.wikipedia.org/wiki/Gwich%CA%BCin_language"},"hai":{"639-2":"hai","de":["Haida-Sprache"],"en":["Haida"],"fr":["haida"],"wikiUrl":"https://en.wikipedia.org/wiki/Haida_language"},"hat":{"639-1":"ht","639-2":"hat","de":["Haïtien (Haiti-Kreolisch)"],"en":["Haitian","Haitian Creole"],"fr":["haïtien","créole haïtien"],"wikiUrl":"https://en.wikipedia.org/wiki/Haitian_language"},"hau":{"639-1":"ha","639-2":"hau","de":["Haussa-Sprache"],"en":["Hausa"],"fr":["haoussa"],"wikiUrl":"https://en.wikipedia.org/wiki/Hausa_language"},"haw":{"639-2":"haw","de":["Hawaiisch"],"en":["Hawaiian"],"fr":["hawaïen"],"wikiUrl":"https://en.wikipedia.org/wiki/Hawaiian_language"},"heb":{"639-1":"he","639-2":"heb","de":["Hebräisch"],"en":["Hebrew"],"fr":["hébreu"],"wikiUrl":"https://en.wikipedia.org/wiki/Hebrew_language"},"her":{"639-1":"hz","639-2":"her","de":["Herero-Sprache"],"en":["Herero"],"fr":["herero"],"wikiUrl":"https://en.wikipedia.org/wiki/Herero_language"},"hil":{"639-2":"hil","de":["Hiligaynon-Sprache"],"en":["Hiligaynon"],"fr":["hiligaynon"],"wikiUrl":"https://en.wikipedia.org/wiki/Hiligaynon_language"},"him":{"639-2":"him","de":["Himachali"],"en":["Himachali languages","Western Pahari languages"],"fr":["langues himachalis","langues paharis occidentales"],"wikiUrl":"https://en.wikipedia.org/wiki/Himachali_languages"},"hin":{"639-1":"hi","639-2":"hin","de":["Hindi"],"en":["Hindi"],"fr":["hindi"],"wikiUrl":"https://en.wikipedia.org/wiki/Hindi_language"},"hit":{"639-2":"hit","de":["Hethitisch"],"en":["Hittite"],"fr":["hittite"],"wikiUrl":"https://en.wikipedia.org/wiki/Hittite_language"},"hmn":{"639-2":"hmn","de":["Miao-Sprachen"],"en":["Hmong","Mong"],"fr":["hmong"],"wikiUrl":"https://en.wikipedia.org/wiki/Hmong_language"},"hmo":{"639-1":"ho","639-2":"hmo","de":["Hiri-Motu"],"en":["Hiri Motu"],"fr":["hiri motu"],"wikiUrl":"https://en.wikipedia.org/wiki/Hiri_Motu_language"},"hrv":{"639-1":"hr","639-2":"hrv","de":["Kroatisch"],"en":["Croatian"],"fr":["croate"],"wikiUrl":"https://en.wikipedia.org/wiki/Croatian_language"},"hsb":{"639-2":"hsb","de":["Obersorbisch"],"en":["Upper Sorbian"],"fr":["haut-sorabe"],"wikiUrl":"https://en.wikipedia.org/wiki/Upper_Sorbian_language"},"hun":{"639-1":"hu","639-2":"hun","de":["Ungarisch"],"en":["Hungarian"],"fr":["hongrois"],"wikiUrl":"https://en.wikipedia.org/wiki/Hungarian_language"},"hup":{"639-2":"hup","de":["Hupa-Sprache"],"en":["Hupa"],"fr":["hupa"],"wikiUrl":"https://en.wikipedia.org/wiki/Hupa_language"},"hye":{"639-1":"hy","639-2":"hye","639-2/B":"arm","de":["Armenisch"],"en":["Armenian"],"fr":["arménien"],"wikiUrl":"https://en.wikipedia.org/wiki/Armenian_language"},"iba":{"639-2":"iba","de":["Iban-Sprache"],"en":["Iban"],"fr":["iban"],"wikiUrl":"https://en.wikipedia.org/wiki/Iban_language"},"ibo":{"639-1":"ig","639-2":"ibo","de":["Ibo-Sprache"],"en":["Igbo"],"fr":["igbo"],"wikiUrl":"https://en.wikipedia.org/wiki/Igbo_language"},"ice":{"639-1":"is","639-2":"isl","639-2/B":"ice","de":["Isländisch"],"en":["Icelandic"],"fr":["islandais"],"wikiUrl":"https://en.wikipedia.org/wiki/Icelandic_language"},"ido":{"639-1":"io","639-2":"ido","de":["Ido"],"en":["Ido"],"fr":["ido"],"wikiUrl":"https://en.wikipedia.org/wiki/Ido_language"},"iii":{"639-1":"ii","639-2":"iii","de":["Lalo-Sprache"],"en":["Sichuan Yi","Nuosu"],"fr":["yi de Sichuan"],"wikiUrl":"https://en.wikipedia.org/wiki/Sichuan_Yi_language"},"ijo":{"639-2":"ijo","de":["Ijo-Sprache"],"en":["Ijo languages"],"fr":["ijo, langues"],"wikiUrl":"https://en.wikipedia.org/wiki/Ijo_languages"},"iku":{"639-1":"iu","639-2":"iku","de":["Inuktitut"],"en":["Inuktitut"],"fr":["inuktitut"],"wikiUrl":"https://en.wikipedia.org/wiki/Inuktitut_language"},"ile":{"639-1":"ie","639-2":"ile","de":["Interlingue"],"en":["Interlingue","Occidental"],"fr":["interlingue"],"wikiUrl":"https://en.wikipedia.org/wiki/Interlingue_language"},"ilo":{"639-2":"ilo","de":["Ilokano-Sprache"],"en":["Iloko"],"fr":["ilocano"],"wikiUrl":"https://en.wikipedia.org/wiki/Iloko_language"},"ina":{"639-1":"ia","639-2":"ina","de":["Interlingua"],"en":["Interlingua (International Auxiliary Language Association)"],"fr":["interlingua (langue auxiliaire internationale)"],"wikiUrl":"https://en.wikipedia.org/wiki/Interlingua_language_(International_Auxiliary_Language_Association)"},"inc":{"639-2":"inc","de":["Indoarische Sprachen (Andere)"],"en":["Indic languages"],"fr":["indo-aryennes, langues"],"wikiUrl":"https://en.wikipedia.org/wiki/Indo-Aryan_languages"},"ind":{"639-1":"id","639-2":"ind","de":["Bahasa Indonesia"],"en":["Indonesian"],"fr":["indonésien"],"wikiUrl":"https://en.wikipedia.org/wiki/Indonesian_language"},"ine":{"639-2":"ine","de":["Indogermanische Sprachen (Andere)"],"en":["Indo-European languages"],"fr":["indo-européennes, langues"],"wikiUrl":"https://en.wikipedia.org/wiki/Indo-European_languages"},"inh":{"639-2":"inh","de":["Inguschisch"],"en":["Ingush"],"fr":["ingouche"],"wikiUrl":"https://en.wikipedia.org/wiki/Ingush_language"},"ipk":{"639-1":"ik","639-2":"ipk","de":["Inupik"],"en":["Inupiaq"],"fr":["inupiaq"],"wikiUrl":"https://en.wikipedia.org/wiki/Inupiaq_language"},"ira":{"639-2":"ira","de":["Iranische Sprachen (Andere)"],"en":["Iranian languages"],"fr":["iraniennes, langues"],"wikiUrl":"https://en.wikipedia.org/wiki/Iranian_languages"},"iro":{"639-2":"iro","de":["Irokesische Sprachen"],"en":["Iroquoian languages"],"fr":["iroquoises, langues"],"wikiUrl":"https://en.wikipedia.org/wiki/Iroquoian_languages"},"isl":{"639-1":"is","639-2":"isl","639-2/B":"ice","de":["Isländisch"],"en":["Icelandic"],"fr":["islandais"],"wikiUrl":"https://en.wikipedia.org/wiki/Icelandic_language"},"ita":{"639-1":"it","639-2":"ita","de":["Italienisch"],"en":["Italian"],"fr":["italien"],"wikiUrl":"https://en.wikipedia.org/wiki/Italian_language"},"jav":{"639-1":"jv","639-2":"jav","de":["Javanisch"],"en":["Javanese"],"fr":["javanais"],"wikiUrl":"https://en.wikipedia.org/wiki/Javanese_language"},"jbo":{"639-2":"jbo","de":["Lojban"],"en":["Lojban"],"fr":["lojban"],"wikiUrl":"https://en.wikipedia.org/wiki/Lojban_language"},"jpn":{"639-1":"ja","639-2":"jpn","de":["Japanisch"],"en":["Japanese"],"fr":["japonais"],"wikiUrl":"https://en.wikipedia.org/wiki/Japanese_language"},"jpr":{"639-2":"jpr","de":["Jüdisch-Persisch"],"en":["Judeo-Persian"],"fr":["judéo-persan"],"wikiUrl":"https://en.wikipedia.org/wiki/Judeo-Persian_language"},"jrb":{"639-2":"jrb","de":["Jüdisch-Arabisch"],"en":["Judeo-Arabic"],"fr":["judéo-arabe"],"wikiUrl":"https://en.wikipedia.org/wiki/Judeo-Arabic_language"},"kaa":{"639-2":"kaa","de":["Karakalpakisch"],"en":["Kara-Kalpak"],"fr":["karakalpak"],"wikiUrl":"https://en.wikipedia.org/wiki/Kara-Kalpak_language"},"kab":{"639-2":"kab","de":["Kabylisch"],"en":["Kabyle"],"fr":["kabyle"],"wikiUrl":"https://en.wikipedia.org/wiki/Kabyle_language"},"kac":{"639-2":"kac","de":["Kachin-Sprache"],"en":["Kachin","Jingpho"],"fr":["kachin","jingpho"],"wikiUrl":"https://en.wikipedia.org/wiki/Kachin_language"},"kal":{"639-1":"kl","639-2":"kal","de":["Grönländisch"],"en":["Kalaallisut","Greenlandic"],"fr":["groenlandais"],"wikiUrl":"https://en.wikipedia.org/wiki/Kalaallisut_language"},"kam":{"639-2":"kam","de":["Kamba-Sprache"],"en":["Kamba"],"fr":["kamba"],"wikiUrl":"https://en.wikipedia.org/wiki/Kamba_language_(Kenya)"},"kan":{"639-1":"kn","639-2":"kan","de":["Kannada"],"en":["Kannada"],"fr":["kannada"],"wikiUrl":"https://en.wikipedia.org/wiki/Kannada_language"},"kar":{"639-2":"kar","de":["Karenisch"],"en":["Karen languages"],"fr":["karen, langues"],"wikiUrl":"https://en.wikipedia.org/wiki/Karen_languages"},"kas":{"639-1":"ks","639-2":"kas","de":["Kaschmiri"],"en":["Kashmiri"],"fr":["kashmiri"],"wikiUrl":"https://en.wikipedia.org/wiki/Kashmiri_language"},"kat":{"639-1":"ka","639-2":"kat","639-2/B":"geo","de":["Georgisch"],"en":["Georgian"],"fr":["géorgien"],"wikiUrl":"https://en.wikipedia.org/wiki/Georgian_language"},"kau":{"639-1":"kr","639-2":"kau","de":["Kanuri-Sprache"],"en":["Kanuri"],"fr":["kanouri"],"wikiUrl":"https://en.wikipedia.org/wiki/Kanuri_language"},"kaw":{"639-2":"kaw","de":["Kawi"],"en":["Kawi"],"fr":["kawi"],"wikiUrl":"https://en.wikipedia.org/wiki/Kawi_language"},"kaz":{"639-1":"kk","639-2":"kaz","de":["Kasachisch"],"en":["Kazakh"],"fr":["kazakh"],"wikiUrl":"https://en.wikipedia.org/wiki/Kazakh_language"},"kbd":{"639-2":"kbd","de":["Kabardinisch"],"en":["Kabardian"],"fr":["kabardien"],"wikiUrl":"https://en.wikipedia.org/wiki/Kabardian_language"},"kha":{"639-2":"kha","de":["Khasi-Sprache"],"en":["Khasi"],"fr":["khasi"],"wikiUrl":"https://en.wikipedia.org/wiki/Khasi_language"},"khi":{"639-2":"khi","de":["Khoisan-Sprachen (Andere)"],"en":["Khoisan languages"],"fr":["khoïsan, langues"],"wikiUrl":"https://en.wikipedia.org/wiki/Khoisan_languages"},"khm":{"639-1":"km","639-2":"khm","de":["Kambodschanisch"],"en":["Central Khmer"],"fr":["khmer central"],"wikiUrl":"https://en.wikipedia.org/wiki/Central_Khmer_language"},"kho":{"639-2":"kho","de":["Sakisch"],"en":["Khotanese","Sakan"],"fr":["khotanais","sakan"],"wikiUrl":"https://en.wikipedia.org/wiki/Khotanese_language"},"kik":{"639-1":"ki","639-2":"kik","de":["Kikuyu-Sprache"],"en":["Kikuyu","Gikuyu"],"fr":["kikuyu"],"wikiUrl":"https://en.wikipedia.org/wiki/Kikuyu_language"},"kin":{"639-1":"rw","639-2":"kin","de":["Rwanda-Sprache"],"en":["Kinyarwanda"],"fr":["rwanda"],"wikiUrl":"https://en.wikipedia.org/wiki/Kinyarwanda_language"},"kir":{"639-1":"ky","639-2":"kir","de":["Kirgisisch"],"en":["Kirghiz","Kyrgyz"],"fr":["kirghiz"],"wikiUrl":"https://en.wikipedia.org/wiki/Kirghiz_language"},"kmb":{"639-2":"kmb","de":["Kimbundu-Sprache"],"en":["Kimbundu"],"fr":["kimbundu"],"wikiUrl":"https://en.wikipedia.org/wiki/Kimbundu_language"},"kok":{"639-2":"kok","de":["Konkani"],"en":["Konkani"],"fr":["konkani"],"wikiUrl":"https://en.wikipedia.org/wiki/Konkani_language"},"kom":{"639-1":"kv","639-2":"kom","de":["Komi-Sprache"],"en":["Komi"],"fr":["kom"],"wikiUrl":"https://en.wikipedia.org/wiki/Komi_language"},"kon":{"639-1":"kg","639-2":"kon","de":["Kongo-Sprache"],"en":["Kongo"],"fr":["kongo"],"wikiUrl":"https://en.wikipedia.org/wiki/Kongo_language"},"kor":{"639-1":"ko","639-2":"kor","de":["Koreanisch"],"en":["Korean"],"fr":["coréen"],"wikiUrl":"https://en.wikipedia.org/wiki/Korean_language"},"kos":{"639-2":"kos","de":["Kosraeanisch"],"en":["Kosraean"],"fr":["kosrae"],"wikiUrl":"https://en.wikipedia.org/wiki/Kosraean_language"},"kpe":{"639-2":"kpe","de":["Kpelle-Sprache"],"en":["Kpelle"],"fr":["kpellé"],"wikiUrl":"https://en.wikipedia.org/wiki/Kpelle_language"},"krc":{"639-2":"krc","de":["Karatschaiisch-Balkarisch"],"en":["Karachay-Balkar"],"fr":["karatchai balkar"],"wikiUrl":"https://en.wikipedia.org/wiki/Karachay-Balkar_language"},"krl":{"639-2":"krl","de":["Karelisch"],"en":["Karelian"],"fr":["carélien"],"wikiUrl":"https://en.wikipedia.org/wiki/Karelian_language"},"kro":{"639-2":"kro","de":["Kru-Sprachen (Andere)"],"en":["Kru languages"],"fr":["krou, langues"],"wikiUrl":"https://en.wikipedia.org/wiki/Kru_languages"},"kru":{"639-2":"kru","de":["Oraon-Sprache"],"en":["Kurukh"],"fr":["kurukh"],"wikiUrl":"https://en.wikipedia.org/wiki/Kurukh_language"},"kua":{"639-1":"kj","639-2":"kua","de":["Kwanyama-Sprache"],"en":["Kuanyama","Kwanyama"],"fr":["kuanyama","kwanyama"],"wikiUrl":"https://en.wikipedia.org/wiki/Kuanyama_language"},"kum":{"639-2":"kum","de":["Kumükisch"],"en":["Kumyk"],"fr":["koumyk"],"wikiUrl":"https://en.wikipedia.org/wiki/Kumyk_language"},"kur":{"639-1":"ku","639-2":"kur","de":["Kurdisch"],"en":["Kurdish"],"fr":["kurde"],"wikiUrl":"https://en.wikipedia.org/wiki/Kurdish_language"},"kut":{"639-2":"kut","de":["Kutenai-Sprache"],"en":["Kutenai"],"fr":["kutenai"],"wikiUrl":"https://en.wikipedia.org/wiki/Kutenai_language"},"lad":{"639-2":"lad","de":["Judenspanisch"],"en":["Ladino"],"fr":["judéo-espagnol"],"wikiUrl":"https://en.wikipedia.org/wiki/Ladino_language"},"lah":{"639-2":"lah","de":["Lahnda"],"en":["Lahnda"],"fr":["lahnda"],"wikiUrl":"https://en.wikipedia.org/wiki/Lahnda_language"},"lam":{"639-2":"lam","de":["Lamba-Sprache (Bantusprache)"],"en":["Lamba"],"fr":["lamba"],"wikiUrl":"https://en.wikipedia.org/wiki/Lamba_language"},"lao":{"639-1":"lo","639-2":"lao","de":["Laotisch"],"en":["Lao"],"fr":["lao"],"wikiUrl":"https://en.wikipedia.org/wiki/Lao_language"},"lat":{"639-1":"la","639-2":"lat","de":["Latein"],"en":["Latin"],"fr":["latin"],"wikiUrl":"https://en.wikipedia.org/wiki/Latin_language"},"lav":{"639-1":"lv","639-2":"lav","de":["Lettisch"],"en":["Latvian"],"fr":["letton"],"wikiUrl":"https://en.wikipedia.org/wiki/Latvian_language"},"lez":{"639-2":"lez","de":["Lesgisch"],"en":["Lezghian"],"fr":["lezghien"],"wikiUrl":"https://en.wikipedia.org/wiki/Lezghian_language"},"lim":{"639-1":"li","639-2":"lim","de":["Limburgisch"],"en":["Limburgan","Limburger","Limburgish"],"fr":["limbourgeois"],"wikiUrl":"https://en.wikipedia.org/wiki/Limburgan_language"},"lin":{"639-1":"ln","639-2":"lin","de":["Lingala"],"en":["Lingala"],"fr":["lingala"],"wikiUrl":"https://en.wikipedia.org/wiki/Lingala_language"},"lit":{"639-1":"lt","639-2":"lit","de":["Litauisch"],"en":["Lithuanian"],"fr":["lituanien"],"wikiUrl":"https://en.wikipedia.org/wiki/Lithuanian_language"},"lol":{"639-2":"lol","de":["Mongo-Sprache"],"en":["Mongo"],"fr":["mongo"],"wikiUrl":"https://en.wikipedia.org/wiki/Mongo_language"},"loz":{"639-2":"loz","de":["Rotse-Sprache"],"en":["Lozi"],"fr":["lozi"],"wikiUrl":"https://en.wikipedia.org/wiki/Lozi_language"},"ltz":{"639-1":"lb","639-2":"ltz","de":["Luxemburgisch"],"en":["Luxembourgish","Letzeburgesch"],"fr":["luxembourgeois"],"wikiUrl":"https://en.wikipedia.org/wiki/Luxembourgish_language"},"lua":{"639-2":"lua","de":["Lulua-Sprache"],"en":["Luba-Lulua"],"fr":["luba-lulua"],"wikiUrl":"https://en.wikipedia.org/wiki/Luba-Lulua_language"},"lub":{"639-1":"lu","639-2":"lub","de":["Luba-Katanga-Sprache"],"en":["Luba-Katanga"],"fr":["luba-katanga"],"wikiUrl":"https://en.wikipedia.org/wiki/Luba-Katanga_language"},"lug":{"639-1":"lg","639-2":"lug","de":["Ganda-Sprache"],"en":["Ganda"],"fr":["ganda"],"wikiUrl":"https://en.wikipedia.org/wiki/Ganda_language"},"lui":{"639-2":"lui","de":["Luiseño-Sprache"],"en":["Luiseno"],"fr":["luiseno"],"wikiUrl":"https://en.wikipedia.org/wiki/Luiseno_language"},"lun":{"639-2":"lun","de":["Lunda-Sprache"],"en":["Lunda"],"fr":["lunda"],"wikiUrl":"https://en.wikipedia.org/wiki/Lunda_language"},"luo":{"639-2":"luo","de":["Luo-Sprache"],"en":["Luo (Kenya and Tanzania)"],"fr":["luo (Kenya et Tanzanie)"],"wikiUrl":"https://en.wikipedia.org/wiki/Luo_language_(Kenya_and_Tanzania)"},"lus":{"639-2":"lus","de":["Lushai-Sprache"],"en":["Lushai"],"fr":["lushai"],"wikiUrl":"https://en.wikipedia.org/wiki/Lushai_language"},"mac":{"639-1":"mk","639-2":"mkd","639-2/B":"mac","de":["Makedonisch"],"en":["Macedonian"],"fr":["macédonien"],"wikiUrl":"https://en.wikipedia.org/wiki/Macedonian_language"},"mad":{"639-2":"mad","de":["Maduresisch"],"en":["Madurese"],"fr":["madourais"],"wikiUrl":"https://en.wikipedia.org/wiki/Madurese_language"},"mag":{"639-2":"mag","de":["Khotta"],"en":["Magahi"],"fr":["magahi"],"wikiUrl":"https://en.wikipedia.org/wiki/Magahi_language"},"mah":{"639-1":"mh","639-2":"mah","de":["Marschallesisch"],"en":["Marshallese"],"fr":["marshall"],"wikiUrl":"https://en.wikipedia.org/wiki/Marshallese_language"},"mai":{"639-2":"mai","de":["Maithili"],"en":["Maithili"],"fr":["maithili"],"wikiUrl":"https://en.wikipedia.org/wiki/Maithili_language"},"mak":{"639-2":"mak","de":["Makassarisch"],"en":["Makasar"],"fr":["makassar"],"wikiUrl":"https://en.wikipedia.org/wiki/Makasar_language"},"mal":{"639-1":"ml","639-2":"mal","de":["Malayalam"],"en":["Malayalam"],"fr":["malayalam"],"wikiUrl":"https://en.wikipedia.org/wiki/Malayalam_language"},"man":{"639-2":"man","de":["Malinke-Sprache"],"en":["Mandingo"],"fr":["mandingue"],"wikiUrl":"https://en.wikipedia.org/wiki/Manding_languages"},"mao":{"639-1":"mi","639-2":"mri","639-2/B":"mao","de":["Maori-Sprache"],"en":["Maori"],"fr":["maori"],"wikiUrl":"https://en.wikipedia.org/wiki/Maori_language"},"map":{"639-2":"map","de":["Austronesische Sprachen (Andere)"],"en":["Austronesian languages"],"fr":["austronésiennes, langues"],"wikiUrl":"https://en.wikipedia.org/wiki/Austronesian_languages"},"mar":{"639-1":"mr","639-2":"mar","de":["Marathi"],"en":["Marathi"],"fr":["marathe"],"wikiUrl":"https://en.wikipedia.org/wiki/Marathi_language"},"mas":{"639-2":"mas","de":["Massai-Sprache"],"en":["Masai"],"fr":["massaï"],"wikiUrl":"https://en.wikipedia.org/wiki/Masai_language"},"may":{"639-1":"ms","639-2":"msa","639-2/B":"may","de":["Malaiisch"],"en":["Malay"],"fr":["malais"],"wikiUrl":"https://en.wikipedia.org/wiki/Malay_language"},"mdf":{"639-2":"mdf","de":["Mokscha-Sprache"],"en":["Moksha"],"fr":["moksa"],"wikiUrl":"https://en.wikipedia.org/wiki/Moksha_language"},"mdr":{"639-2":"mdr","de":["Mandaresisch"],"en":["Mandar"],"fr":["mandar"],"wikiUrl":"https://en.wikipedia.org/wiki/Mandar_language"},"men":{"639-2":"men","de":["Mende-Sprache"],"en":["Mende"],"fr":["mendé"],"wikiUrl":"https://en.wikipedia.org/wiki/Mende_language_(Sierra_Leone)"},"mga":{"639-2":"mga","de":["Mittelirisch"],"en":["Irish, Middle (900-1200)"],"fr":["irlandais moyen (900-1200)"],"wikiUrl":"https://en.wikipedia.org/wiki/Middle_Irish_language"},"mic":{"639-2":"mic","de":["Micmac-Sprache"],"en":["Mi'kmaq","Micmac"],"fr":["mi'kmaq","micmac"],"wikiUrl":"https://en.wikipedia.org/wiki/Mi%27kmaq_language"},"min":{"639-2":"min","de":["Minangkabau-Sprache"],"en":["Minangkabau"],"fr":["minangkabau"],"wikiUrl":"https://en.wikipedia.org/wiki/Minangkabau_language"},"mis":{"639-2":"mis","de":["Einzelne andere Sprachen"],"en":["Uncoded languages"],"fr":["langues non codées"]},"mkd":{"639-1":"mk","639-2":"mkd","639-2/B":"mac","de":["Makedonisch"],"en":["Macedonian"],"fr":["macédonien"],"wikiUrl":"https://en.wikipedia.org/wiki/Macedonian_language"},"mkh":{"639-2":"mkh","de":["Mon-Khmer-Sprachen (Andere)"],"en":["Mon-Khmer languages"],"fr":["môn-khmer, langues"],"wikiUrl":"https://en.wikipedia.org/wiki/Mon-Khmer_languages"},"mlg":{"639-1":"mg","639-2":"mlg","de":["Malagassi-Sprache"],"en":["Malagasy"],"fr":["malgache"],"wikiUrl":"https://en.wikipedia.org/wiki/Malagasy_language"},"mlt":{"639-1":"mt","639-2":"mlt","de":["Maltesisch"],"en":["Maltese"],"fr":["maltais"],"wikiUrl":"https://en.wikipedia.org/wiki/Maltese_language"},"mnc":{"639-2":"mnc","de":["Mandschurisch"],"en":["Manchu"],"fr":["mandchou"],"wikiUrl":"https://en.wikipedia.org/wiki/Manchu_language"},"mni":{"639-2":"mni","de":["Meithei-Sprache"],"en":["Manipuri"],"fr":["manipuri"],"wikiUrl":"https://en.wikipedia.org/wiki/Meitei_language"},"mno":{"639-2":"mno","de":["Manobo-Sprachen"],"en":["Manobo languages"],"fr":["manobo, langues"],"wikiUrl":"https://en.wikipedia.org/wiki/Manobo_languages"},"moh":{"639-2":"moh","de":["Mohawk-Sprache"],"en":["Mohawk"],"fr":["mohawk"],"wikiUrl":"https://en.wikipedia.org/wiki/Mohawk_language"},"mon":{"639-1":"mn","639-2":"mon","de":["Mongolisch"],"en":["Mongolian"],"fr":["mongol"],"wikiUrl":"https://en.wikipedia.org/wiki/Mongolian_language"},"mos":{"639-2":"mos","de":["Mossi-Sprache"],"en":["Mossi"],"fr":["moré"],"wikiUrl":"https://en.wikipedia.org/wiki/Mossi_language"},"mri":{"639-1":"mi","639-2":"mri","639-2/B":"mao","de":["Maori-Sprache"],"en":["Maori"],"fr":["maori"],"wikiUrl":"https://en.wikipedia.org/wiki/Maori_language"},"msa":{"639-1":"ms","639-2":"msa","639-2/B":"may","de":["Malaiisch"],"en":["Malay"],"fr":["malais"],"wikiUrl":"https://en.wikipedia.org/wiki/Malay_language"},"mul":{"639-2":"mul","de":["Mehrere Sprachen"],"en":["Multiple languages"],"fr":["multilingue"]},"mun":{"639-2":"mun","de":["Mundasprachen (Andere)"],"en":["Munda languages"],"fr":["mounda, langues"],"wikiUrl":"https://en.wikipedia.org/wiki/Munda_languages"},"mus":{"639-2":"mus","de":["Muskogisch"],"en":["Creek"],"fr":["muskogee"],"wikiUrl":"https://en.wikipedia.org/wiki/Creek_language"},"mwl":{"639-2":"mwl","de":["Mirandesisch"],"en":["Mirandese"],"fr":["mirandais"],"wikiUrl":"https://en.wikipedia.org/wiki/Mirandese_language"},"mwr":{"639-2":"mwr","de":["Marwari"],"en":["Marwari"],"fr":["marvari"],"wikiUrl":"https://en.wikipedia.org/wiki/Marwari_language"},"mya":{"639-1":"my","639-2":"mya","639-2/B":"bur","de":["Birmanisch"],"en":["Burmese"],"fr":["birman"],"wikiUrl":"https://en.wikipedia.org/wiki/Burmese_language"},"myn":{"639-2":"myn","de":["Maya-Sprachen"],"en":["Mayan languages"],"fr":["maya, langues"],"wikiUrl":"https://en.wikipedia.org/wiki/Mayan_languages"},"myv":{"639-2":"myv","de":["Erza-Mordwinisch"],"en":["Erzya"],"fr":["erza"],"wikiUrl":"https://en.wikipedia.org/wiki/Erzya_language"},"nah":{"639-2":"nah","de":["Nahuatl"],"en":["Nahuatl languages"],"fr":["nahuatl, langues"],"wikiUrl":"https://en.wikipedia.org/wiki/Nahuatl_languages"},"nai":{"639-2":"nai","de":["Indianersprachen, Nordamerika (Andere)"],"en":["North American Indian languages"],"fr":["nord-amérindiennes, langues"],"wikiUrl":"https://en.wikipedia.org/wiki/North_American_Indian_languages"},"nap":{"639-2":"nap","de":["Neapel / Mundart"],"en":["Neapolitan"],"fr":["napolitain"],"wikiUrl":"https://en.wikipedia.org/wiki/Neapolitan_language"},"nau":{"639-1":"na","639-2":"nau","de":["Nauruanisch"],"en":["Nauru"],"fr":["nauruan"],"wikiUrl":"https://en.wikipedia.org/wiki/Nauru_language"},"nav":{"639-1":"nv","639-2":"nav","de":["Navajo-Sprache"],"en":["Navajo","Navaho"],"fr":["navaho"],"wikiUrl":"https://en.wikipedia.org/wiki/Navajo_language"},"nbl":{"639-1":"nr","639-2":"nbl","de":["Ndebele-Sprache (Transvaal)"],"en":["Ndebele, South","South Ndebele"],"fr":["ndébélé du Sud"],"wikiUrl":"https://en.wikipedia.org/wiki/South_Ndebele_language"},"nde":{"639-1":"nd","639-2":"nde","de":["Ndebele-Sprache (Simbabwe)"],"en":["Ndebele, North","North Ndebele"],"fr":["ndébélé du Nord"],"wikiUrl":"https://en.wikipedia.org/wiki/North_Ndebele_language"},"ndo":{"639-1":"ng","639-2":"ndo","de":["Ndonga"],"en":["Ndonga"],"fr":["ndonga"],"wikiUrl":"https://en.wikipedia.org/wiki/Ndonga_language"},"nds":{"639-2":"nds","de":["Niederdeutsch"],"en":["Low German","Low Saxon","German, Low","Saxon, Low"],"fr":["bas allemand","bas saxon","allemand, bas","saxon, bas"],"wikiUrl":"https://en.wikipedia.org/wiki/Low_German_language"},"nep":{"639-1":"ne","639-2":"nep","de":["Nepali"],"en":["Nepali"],"fr":["népalais"],"wikiUrl":"https://en.wikipedia.org/wiki/Nepali_language"},"new":{"639-2":"new","de":["Newari"],"en":["Nepal Bhasa","Newari"],"fr":["nepal bhasa","newari"],"wikiUrl":"https://en.wikipedia.org/wiki/Nepal_Bhasa"},"nia":{"639-2":"nia","de":["Nias-Sprache"],"en":["Nias"],"fr":["nias"],"wikiUrl":"https://en.wikipedia.org/wiki/Nias_language"},"nic":{"639-2":"nic","de":["Nigerkordofanische Sprachen (Andere)"],"en":["Niger-Kordofanian languages"],"fr":["nigéro-kordofaniennes, langues"],"wikiUrl":"https://en.wikipedia.org/wiki/Niger-Kordofanian_languages"},"niu":{"639-2":"niu","de":["Niue-Sprache"],"en":["Niuean"],"fr":["niué"],"wikiUrl":"https://en.wikipedia.org/wiki/Niuean_language"},"nld":{"639-1":"nl","639-2":"nld","639-2/B":"dut","de":["Niederländisch"],"en":["Dutch","Flemish"],"fr":["néerlandais","flamand"],"wikiUrl":"https://en.wikipedia.org/wiki/Dutch_language"},"nno":{"639-1":"nn","639-2":"nno","de":["Nynorsk"],"en":["Norwegian Nynorsk","Nynorsk, Norwegian"],"fr":["norvégien nynorsk","nynorsk, norvégien"],"wikiUrl":"https://en.wikipedia.org/wiki/Norwegian_Nynorsk_language"},"nob":{"639-1":"nb","639-2":"nob","de":["Bokmål"],"en":["Bokmål, Norwegian","Norwegian Bokmål"],"fr":["norvégien bokmål"],"wikiUrl":"https://en.wikipedia.org/wiki/Norwegian_Bokm%C3%A5l_language"},"nog":{"639-2":"nog","de":["Nogaisch"],"en":["Nogai"],"fr":["nogaï","nogay"],"wikiUrl":"https://en.wikipedia.org/wiki/Nogai_language"},"non":{"639-2":"non","de":["Altnorwegisch"],"en":["Norse, Old"],"fr":["norrois, vieux"],"wikiUrl":"https://en.wikipedia.org/wiki/Old_Norse_language"},"nor":{"639-1":"no","639-2":"nor","de":["Norwegisch"],"en":["Norwegian"],"fr":["norvégien"],"wikiUrl":"https://en.wikipedia.org/wiki/Norwegian_language"},"nqo":{"639-2":"nqo","de":["N'Ko"],"en":["N'Ko"],"fr":["n'ko"],"wikiUrl":"https://en.wikipedia.org/wiki/N%27Ko_language"},"nso":{"639-2":"nso","de":["Pedi-Sprache"],"en":["Pedi","Sepedi","Northern Sotho"],"fr":["pedi","sepedi","sotho du Nord"],"wikiUrl":"https://en.wikipedia.org/wiki/Pedi_language"},"nub":{"639-2":"nub","de":["Nubische Sprachen"],"en":["Nubian languages"],"fr":["nubiennes, langues"],"wikiUrl":"https://en.wikipedia.org/wiki/Nubian_languages"},"nwc":{"639-2":"nwc","de":["Alt-Newari"],"en":["Classical Newari","Old Newari","Classical Nepal Bhasa"],"fr":["newari classique"],"wikiUrl":"https://en.wikipedia.org/wiki/Classical_Newari_language"},"nya":{"639-1":"ny","639-2":"nya","de":["Nyanja-Sprache"],"en":["Chichewa","Chewa","Nyanja"],"fr":["chichewa","chewa","nyanja"],"wikiUrl":"https://en.wikipedia.org/wiki/Nyanja_language"},"nym":{"639-2":"nym","de":["Nyamwezi-Sprache"],"en":["Nyamwezi"],"fr":["nyamwezi"],"wikiUrl":"https://en.wikipedia.org/wiki/Nyamwezi_language"},"nyn":{"639-2":"nyn","de":["Nkole-Sprache"],"en":["Nyankole"],"fr":["nyankolé"],"wikiUrl":"https://en.wikipedia.org/wiki/Nyankole_language"},"nyo":{"639-2":"nyo","de":["Nyoro-Sprache"],"en":["Nyoro"],"fr":["nyoro"],"wikiUrl":"https://en.wikipedia.org/wiki/Nyoro_language"},"nzi":{"639-2":"nzi","de":["Nzima-Sprache"],"en":["Nzima"],"fr":["nzema"],"wikiUrl":"https://en.wikipedia.org/wiki/Nzima_language"},"oci":{"639-1":"oc","639-2":"oci","de":["Okzitanisch"],"en":["Occitan (post 1500)"],"fr":["occitan (après 1500)"],"wikiUrl":"https://en.wikipedia.org/wiki/Occitan_language"},"oji":{"639-1":"oj","639-2":"oji","de":["Ojibwa-Sprache"],"en":["Ojibwa"],"fr":["ojibwa"],"wikiUrl":"https://en.wikipedia.org/wiki/Ojibwa_language"},"ori":{"639-1":"or","639-2":"ori","de":["Oriya-Sprache"],"en":["Oriya"],"fr":["oriya"],"wikiUrl":"https://en.wikipedia.org/wiki/Odiya_language"},"orm":{"639-1":"om","639-2":"orm","de":["Galla-Sprache"],"en":["Oromo"],"fr":["galla"],"wikiUrl":"https://en.wikipedia.org/wiki/Oromo_language"},"osa":{"639-2":"osa","de":["Osage-Sprache"],"en":["Osage"],"fr":["osage"],"wikiUrl":"https://en.wikipedia.org/wiki/Osage_language"},"oss":{"639-1":"os","639-2":"oss","de":["Ossetisch"],"en":["Ossetian","Ossetic"],"fr":["ossète"],"wikiUrl":"https://en.wikipedia.org/wiki/Ossetian_language"},"ota":{"639-2":"ota","de":["Osmanisch"],"en":["Turkish, Ottoman (1500-1928)"],"fr":["turc ottoman (1500-1928)"],"wikiUrl":"https://en.wikipedia.org/wiki/Ottoman_Turkish_language"},"oto":{"639-2":"oto","de":["Otomangue-Sprachen"],"en":["Otomian languages"],"fr":["otomi, langues"],"wikiUrl":"https://en.wikipedia.org/wiki/Otomian_languages"},"paa":{"639-2":"paa","de":["Papuasprachen (Andere)"],"en":["Papuan languages"],"fr":["papoues, langues"],"wikiUrl":"https://en.wikipedia.org/wiki/Papuan_languages"},"pag":{"639-2":"pag","de":["Pangasinan-Sprache"],"en":["Pangasinan"],"fr":["pangasinan"],"wikiUrl":"https://en.wikipedia.org/wiki/Pangasinan_language"},"pal":{"639-2":"pal","de":["Mittelpersisch"],"en":["Pahlavi"],"fr":["pahlavi"],"wikiUrl":"https://en.wikipedia.org/wiki/Pahlavi_language"},"pam":{"639-2":"pam","de":["Pampanggan-Sprache"],"en":["Pampanga","Kapampangan"],"fr":["pampangan"],"wikiUrl":"https://en.wikipedia.org/wiki/Pampanga_language"},"pan":{"639-1":"pa","639-2":"pan","de":["Pandschabi-Sprache"],"en":["Panjabi","Punjabi"],"fr":["pendjabi"],"wikiUrl":"https://en.wikipedia.org/wiki/Panjabi_language"},"pap":{"639-2":"pap","de":["Papiamento"],"en":["Papiamento"],"fr":["papiamento"],"wikiUrl":"https://en.wikipedia.org/wiki/Papiamento_language"},"pau":{"639-2":"pau","de":["Palau-Sprache"],"en":["Palauan"],"fr":["palau"],"wikiUrl":"https://en.wikipedia.org/wiki/Palauan_language"},"peo":{"639-2":"peo","de":["Altpersisch"],"en":["Persian, Old (ca.600-400 B.C.)"],"fr":["perse, vieux (ca. 600-400 av. J.-C.)"],"wikiUrl":"https://en.wikipedia.org/wiki/Old_Persian_language"},"per":{"639-1":"fa","639-2":"fas","639-2/B":"per","de":["Persisch"],"en":["Persian"],"fr":["persan"],"wikiUrl":"https://en.wikipedia.org/wiki/Persian_language"},"phi":{"639-2":"phi","de":["Philippinisch-Austronesisch (Andere)"],"en":["Philippine languages"],"fr":["philippines, langues"],"wikiUrl":"https://en.wikipedia.org/wiki/Philippine_languages"},"phn":{"639-2":"phn","de":["Phönikisch"],"en":["Phoenician"],"fr":["phénicien"],"wikiUrl":"https://en.wikipedia.org/wiki/Phoenician_language"},"pli":{"639-1":"pi","639-2":"pli","de":["Pali"],"en":["Pali"],"fr":["pali"],"wikiUrl":"https://en.wikipedia.org/wiki/Pali_language"},"pol":{"639-1":"pl","639-2":"pol","de":["Polnisch"],"en":["Polish"],"fr":["polonais"],"wikiUrl":"https://en.wikipedia.org/wiki/Polish_language"},"pon":{"639-2":"pon","de":["Ponapeanisch"],"en":["Pohnpeian"],"fr":["pohnpei"],"wikiUrl":"https://en.wikipedia.org/wiki/Pohnpeian_language"},"por":{"639-1":"pt","639-2":"por","de":["Portugiesisch"],"en":["Portuguese"],"fr":["portugais"],"wikiUrl":"https://en.wikipedia.org/wiki/Portuguese_language"},"pra":{"639-2":"pra","de":["Prakrit"],"en":["Prakrit languages"],"fr":["prâkrit, langues"],"wikiUrl":"https://en.wikipedia.org/wiki/Prakrit_languages"},"pro":{"639-2":"pro","de":["Altokzitanisch"],"en":["Provençal, Old (to 1500)","Occitan, Old (to 1500)"],"fr":["provençal ancien (jusqu'à 1500)","occitan ancien (jusqu'à 1500)"],"wikiUrl":"https://en.wikipedia.org/wiki/Old_Proven%C3%A7al_language"},"pus":{"639-1":"ps","639-2":"pus","de":["Paschtu"],"en":["Pushto","Pashto"],"fr":["pachto"],"wikiUrl":"https://en.wikipedia.org/wiki/Pushto_language"},"que":{"639-1":"qu","639-2":"que","de":["Quechua-Sprache"],"en":["Quechua"],"fr":["quechua"],"wikiUrl":"https://en.wikipedia.org/wiki/Quechua_language"},"raj":{"639-2":"raj","de":["Rajasthani"],"en":["Rajasthani"],"fr":["rajasthani"],"wikiUrl":"https://en.wikipedia.org/wiki/Rajasthani_language"},"rap":{"639-2":"rap","de":["Osterinsel-Sprache"],"en":["Rapanui"],"fr":["rapanui"],"wikiUrl":"https://en.wikipedia.org/wiki/Rapanui_language"},"rar":{"639-2":"rar","de":["Rarotonganisch"],"en":["Rarotongan","Cook Islands Maori"],"fr":["rarotonga","maori des îles Cook"],"wikiUrl":"https://en.wikipedia.org/wiki/Rarotongan_language"},"roa":{"639-2":"roa","de":["Romanische Sprachen (Andere)"],"en":["Romance languages"],"fr":["romanes, langues"],"wikiUrl":"https://en.wikipedia.org/wiki/Romance_languages"},"roh":{"639-1":"rm","639-2":"roh","de":["Rätoromanisch"],"en":["Romansh"],"fr":["romanche"],"wikiUrl":"https://en.wikipedia.org/wiki/Romansh_language"},"rom":{"639-2":"rom","de":["Romani (Sprache)"],"en":["Romany"],"fr":["tsigane"],"wikiUrl":"https://en.wikipedia.org/wiki/Romany_language"},"ron":{"639-1":"ro","639-2":"ron","639-2/B":"rum","de":["Rumänisch"],"en":["Romanian","Moldavian","Moldovan"],"fr":["roumain","moldave"],"wikiUrl":"https://en.wikipedia.org/wiki/Romanian_language"},"rum":{"639-1":"ro","639-2":"ron","639-2/B":"rum","de":["Rumänisch"],"en":["Romanian","Moldavian","Moldovan"],"fr":["roumain","moldave"],"wikiUrl":"https://en.wikipedia.org/wiki/Romanian_language"},"run":{"639-1":"rn","639-2":"run","de":["Rundi-Sprache"],"en":["Rundi"],"fr":["rundi"],"wikiUrl":"https://en.wikipedia.org/wiki/Rundi_language"},"rup":{"639-2":"rup","de":["Aromunisch"],"en":["Aromanian","Arumanian","Macedo-Romanian"],"fr":["aroumain","macédo-roumain"],"wikiUrl":"https://en.wikipedia.org/wiki/Macedo-Romanian_language"},"rus":{"639-1":"ru","639-2":"rus","de":["Russisch"],"en":["Russian"],"fr":["russe"],"wikiUrl":"https://en.wikipedia.org/wiki/Russian_language"},"sad":{"639-2":"sad","de":["Sandawe-Sprache"],"en":["Sandawe"],"fr":["sandawe"],"wikiUrl":"https://en.wikipedia.org/wiki/Sandawe_language"},"sag":{"639-1":"sg","639-2":"sag","de":["Sango-Sprache"],"en":["Sango"],"fr":["sango"],"wikiUrl":"https://en.wikipedia.org/wiki/Sango_language"},"sah":{"639-2":"sah","de":["Jakutisch"],"en":["Yakut"],"fr":["iakoute"],"wikiUrl":"https://en.wikipedia.org/wiki/Yakut_language"},"sai":{"639-2":"sai","de":["Indianersprachen, Südamerika (Andere)"],"en":["South American Indian languages"],"fr":["sud-amérindiennes, langues"],"wikiUrl":"https://en.wikipedia.org/wiki/South_American_Indian_languages"},"sal":{"639-2":"sal","de":["Salish-Sprache"],"en":["Salishan languages"],"fr":["salishennes, langues"],"wikiUrl":"https://en.wikipedia.org/wiki/Salishan_languages"},"sam":{"639-2":"sam","de":["Samaritanisch"],"en":["Samaritan Aramaic"],"fr":["samaritain"],"wikiUrl":"https://en.wikipedia.org/wiki/Samaritan_Aramaic_language"},"san":{"639-1":"sa","639-2":"san","de":["Sanskrit"],"en":["Sanskrit"],"fr":["sanskrit"],"wikiUrl":"https://en.wikipedia.org/wiki/Sanskrit_language"},"sas":{"639-2":"sas","de":["Sasak"],"en":["Sasak"],"fr":["sasak"],"wikiUrl":"https://en.wikipedia.org/wiki/Sasak_language"},"sat":{"639-2":"sat","de":["Santali"],"en":["Santali"],"fr":["santal"],"wikiUrl":"https://en.wikipedia.org/wiki/Santali_language"},"scn":{"639-2":"scn","de":["Sizilianisch"],"en":["Sicilian"],"fr":["sicilien"],"wikiUrl":"https://en.wikipedia.org/wiki/Sicilian_language"},"sco":{"639-2":"sco","de":["Schottisch"],"en":["Scots"],"fr":["écossais"],"wikiUrl":"https://en.wikipedia.org/wiki/Scots_language"},"sel":{"639-2":"sel","de":["Selkupisch"],"en":["Selkup"],"fr":["selkoupe"],"wikiUrl":"https://en.wikipedia.org/wiki/Selkup_language"},"sem":{"639-2":"sem","de":["Semitische Sprachen (Andere)"],"en":["Semitic languages"],"fr":["sémitiques, langues"],"wikiUrl":"https://en.wikipedia.org/wiki/Semitic_languages"},"sga":{"639-2":"sga","de":["Altirisch"],"en":["Irish, Old (to 900)"],"fr":["irlandais ancien (jusqu'à 900)"],"wikiUrl":"https://en.wikipedia.org/wiki/Old_Irish_language"},"sgn":{"639-2":"sgn","de":["Zeichensprachen"],"en":["Sign Languages"],"fr":["langues des signes"],"wikiUrl":"https://en.wikipedia.org/wiki/Sign_languages"},"shn":{"639-2":"shn","de":["Schan-Sprache"],"en":["Shan"],"fr":["chan"],"wikiUrl":"https://en.wikipedia.org/wiki/Shan_language"},"sid":{"639-2":"sid","de":["Sidamo-Sprache"],"en":["Sidamo"],"fr":["sidamo"],"wikiUrl":"https://en.wikipedia.org/wiki/Sidamo_language"},"sin":{"639-1":"si","639-2":"sin","de":["Singhalesisch"],"en":["Sinhala","Sinhalese"],"fr":["singhalais"],"wikiUrl":"https://en.wikipedia.org/wiki/Sinhala_language"},"sio":{"639-2":"sio","de":["Sioux-Sprachen (Andere)"],"en":["Siouan languages"],"fr":["sioux, langues"],"wikiUrl":"https://en.wikipedia.org/wiki/Siouan_languages"},"sit":{"639-2":"sit","de":["Sinotibetische Sprachen (Andere)"],"en":["Sino-Tibetan languages"],"fr":["sino-tibétaines, langues"],"wikiUrl":"https://en.wikipedia.org/wiki/Sino-Tibetan_languages"},"sla":{"639-2":"sla","de":["Slawische Sprachen (Andere)"],"en":["Slavic languages"],"fr":["slaves, langues"],"wikiUrl":"https://en.wikipedia.org/wiki/Slavic_languages"},"slk":{"639-1":"sk","639-2":"slk","639-2/B":"slo","de":["Slowakisch"],"en":["Slovak"],"fr":["slovaque"],"wikiUrl":"https://en.wikipedia.org/wiki/Slovak_language"},"slo":{"639-1":"sk","639-2":"slk","639-2/B":"slo","de":["Slowakisch"],"en":["Slovak"],"fr":["slovaque"],"wikiUrl":"https://en.wikipedia.org/wiki/Slovak_language"},"slv":{"639-1":"sl","639-2":"slv","de":["Slowenisch"],"en":["Slovenian"],"fr":["slovène"],"wikiUrl":"https://en.wikipedia.org/wiki/Slovenian_language"},"sma":{"639-2":"sma","de":["Südsaamisch"],"en":["Southern Sami"],"fr":["sami du Sud"],"wikiUrl":"https://en.wikipedia.org/wiki/Southern_Sami_language"},"sme":{"639-1":"se","639-2":"sme","de":["Nordsaamisch"],"en":["Northern Sami"],"fr":["sami du Nord"],"wikiUrl":"https://en.wikipedia.org/wiki/Northern_Sami_language"},"smi":{"639-2":"smi","de":["Saamisch"],"en":["Sami languages"],"fr":["sames, langues"],"wikiUrl":"https://en.wikipedia.org/wiki/Sami_languages"},"smj":{"639-2":"smj","de":["Lulesaamisch"],"en":["Lule Sami"],"fr":["sami de Lule"],"wikiUrl":"https://en.wikipedia.org/wiki/Lule_Sami_language"},"smn":{"639-2":"smn","de":["Inarisaamisch"],"en":["Inari Sami"],"fr":["sami d'Inari"],"wikiUrl":"https://en.wikipedia.org/wiki/Inari_Sami_language"},"smo":{"639-1":"sm","639-2":"smo","de":["Samoanisch"],"en":["Samoan"],"fr":["samoan"],"wikiUrl":"https://en.wikipedia.org/wiki/Samoan_language"},"sms":{"639-2":"sms","de":["Skoltsaamisch"],"en":["Skolt Sami"],"fr":["sami skolt"],"wikiUrl":"https://en.wikipedia.org/wiki/Skolt_Sami_language"},"sna":{"639-1":"sn","639-2":"sna","de":["Schona-Sprache"],"en":["Shona"],"fr":["shona"],"wikiUrl":"https://en.wikipedia.org/wiki/Shona_language"},"snd":{"639-1":"sd","639-2":"snd","de":["Sindhi-Sprache"],"en":["Sindhi"],"fr":["sindhi"],"wikiUrl":"https://en.wikipedia.org/wiki/Sindhi_language"},"snk":{"639-2":"snk","de":["Soninke-Sprache"],"en":["Soninke"],"fr":["soninké"],"wikiUrl":"https://en.wikipedia.org/wiki/Soninke_language"},"sog":{"639-2":"sog","de":["Sogdisch"],"en":["Sogdian"],"fr":["sogdien"],"wikiUrl":"https://en.wikipedia.org/wiki/Sogdian_language"},"som":{"639-1":"so","639-2":"som","de":["Somali"],"en":["Somali"],"fr":["somali"],"wikiUrl":"https://en.wikipedia.org/wiki/Somali_language"},"son":{"639-2":"son","de":["Songhai-Sprache"],"en":["Songhai languages"],"fr":["songhai, langues"],"wikiUrl":"https://en.wikipedia.org/wiki/Songhai_languages"},"sot":{"639-1":"st","639-2":"sot","de":["Süd-Sotho-Sprache"],"en":["Sotho, Southern"],"fr":["sotho du Sud"],"wikiUrl":"https://en.wikipedia.org/wiki/Southern_Sotho_language"},"spa":{"639-1":"es","639-2":"spa","de":["Spanisch"],"en":["Spanish","Castilian"],"fr":["espagnol","castillan"],"wikiUrl":"https://en.wikipedia.org/wiki/Spanish_language"},"sqi":{"639-1":"sq","639-2":"sqi","639-2/B":"alb","de":["Albanisch"],"en":["Albanian"],"fr":["albanais"],"wikiUrl":"https://en.wikipedia.org/wiki/Albanian_languages"},"srd":{"639-1":"sc","639-2":"srd","de":["Sardisch"],"en":["Sardinian"],"fr":["sarde"],"wikiUrl":"https://en.wikipedia.org/wiki/Sardinian_language"},"srn":{"639-2":"srn","de":["Sranantongo"],"en":["Sranan Tongo"],"fr":["sranan tongo"],"wikiUrl":"https://en.wikipedia.org/wiki/Sranan_Tongo_language"},"srp":{"639-1":"sr","639-2":"srp","de":["Serbisch"],"en":["Serbian"],"fr":["serbe"],"wikiUrl":"https://en.wikipedia.org/wiki/Serbian_language"},"srr":{"639-2":"srr","de":["Serer-Sprache"],"en":["Serer"],"fr":["sérère"],"wikiUrl":"https://en.wikipedia.org/wiki/Serer_language"},"ssa":{"639-2":"ssa","de":["Nilosaharanische Sprachen (Andere)"],"en":["Nilo-Saharan languages"],"fr":["nilo-sahariennes, langues"],"wikiUrl":"https://en.wikipedia.org/wiki/Nilo-Saharan_languages"},"ssw":{"639-1":"ss","639-2":"ssw","de":["Swasi-Sprache"],"en":["Swati"],"fr":["swati"],"wikiUrl":"https://en.wikipedia.org/wiki/Swati_language"},"suk":{"639-2":"suk","de":["Sukuma-Sprache"],"en":["Sukuma"],"fr":["sukuma"],"wikiUrl":"https://en.wikipedia.org/wiki/Sukuma_language"},"sun":{"639-1":"su","639-2":"sun","de":["Sundanesisch"],"en":["Sundanese"],"fr":["soundanais"],"wikiUrl":"https://en.wikipedia.org/wiki/Sundanese_language"},"sus":{"639-2":"sus","de":["Susu"],"en":["Susu"],"fr":["soussou"],"wikiUrl":"https://en.wikipedia.org/wiki/Susu_language"},"sux":{"639-2":"sux","de":["Sumerisch"],"en":["Sumerian"],"fr":["sumérien"],"wikiUrl":"https://en.wikipedia.org/wiki/Sumerian_language"},"swa":{"639-1":"sw","639-2":"swa","de":["Swahili"],"en":["Swahili"],"fr":["swahili"],"wikiUrl":"https://en.wikipedia.org/wiki/Swahili_language"},"swe":{"639-1":"sv","639-2":"swe","de":["Schwedisch"],"en":["Swedish"],"fr":["suédois"],"wikiUrl":"https://en.wikipedia.org/wiki/Swedish_language"},"syc":{"639-2":"syc","de":["Syrisch"],"en":["Classical Syriac"],"fr":["syriaque classique"],"wikiUrl":"https://en.wikipedia.org/wiki/Classical_Syriac_language"},"syr":{"639-2":"syr","de":["Neuostaramäisch"],"en":["Syriac"],"fr":["syriaque"],"wikiUrl":"https://en.wikipedia.org/wiki/Syriac_language"},"tah":{"639-1":"ty","639-2":"tah","de":["Tahitisch"],"en":["Tahitian"],"fr":["tahitien"],"wikiUrl":"https://en.wikipedia.org/wiki/Tahitian_language"},"tai":{"639-2":"tai","de":["Thaisprachen (Andere)"],"en":["Tai languages"],"fr":["tai, langues"],"wikiUrl":"https://en.wikipedia.org/wiki/Tai_languages"},"tam":{"639-1":"ta","639-2":"tam","de":["Tamil"],"en":["Tamil"],"fr":["tamoul"],"wikiUrl":"https://en.wikipedia.org/wiki/Tamil_language"},"tat":{"639-1":"tt","639-2":"tat","de":["Tatarisch"],"en":["Tatar"],"fr":["tatar"],"wikiUrl":"https://en.wikipedia.org/wiki/Tatar_language"},"tel":{"639-1":"te","639-2":"tel","de":["Telugu-Sprache"],"en":["Telugu"],"fr":["télougou"],"wikiUrl":"https://en.wikipedia.org/wiki/Telugu_language"},"tem":{"639-2":"tem","de":["Temne-Sprache"],"en":["Timne"],"fr":["temne"],"wikiUrl":"https://en.wikipedia.org/wiki/Timne_language"},"ter":{"639-2":"ter","de":["Tereno-Sprache"],"en":["Tereno"],"fr":["tereno"],"wikiUrl":"https://en.wikipedia.org/wiki/Tereno_language"},"tet":{"639-2":"tet","de":["Tetum-Sprache"],"en":["Tetum"],"fr":["tetum"],"wikiUrl":"https://en.wikipedia.org/wiki/Tetum_language"},"tgk":{"639-1":"tg","639-2":"tgk","de":["Tadschikisch"],"en":["Tajik"],"fr":["tadjik"],"wikiUrl":"https://en.wikipedia.org/wiki/Tajik_language"},"tgl":{"639-1":"tl","639-2":"tgl","de":["Tagalog"],"en":["Tagalog"],"fr":["tagalog"],"wikiUrl":"https://en.wikipedia.org/wiki/Tagalog_language"},"tha":{"639-1":"th","639-2":"tha","de":["Thailändisch"],"en":["Thai"],"fr":["thaï"],"wikiUrl":"https://en.wikipedia.org/wiki/Thai_language"},"tib":{"639-1":"bo","639-2":"bod","639-2/B":"tib","de":["Tibetisch"],"en":["Tibetan"],"fr":["tibétain"],"wikiUrl":"https://en.wikipedia.org/wiki/Standard_Tibetan"},"tig":{"639-2":"tig","de":["Tigre-Sprache"],"en":["Tigre"],"fr":["tigré"],"wikiUrl":"https://en.wikipedia.org/wiki/Tigre_language"},"tir":{"639-1":"ti","639-2":"tir","de":["Tigrinja-Sprache"],"en":["Tigrinya"],"fr":["tigrigna"],"wikiUrl":"https://en.wikipedia.org/wiki/Tigrinya_language"},"tiv":{"639-2":"tiv","de":["Tiv-Sprache"],"en":["Tiv"],"fr":["tiv"],"wikiUrl":"https://en.wikipedia.org/wiki/Tiv_language"},"tkl":{"639-2":"tkl","de":["Tokelauanisch"],"en":["Tokelau"],"fr":["tokelau"],"wikiUrl":"https://en.wikipedia.org/wiki/Tokelau_language"},"tlh":{"639-2":"tlh","de":["Klingonisch"],"en":["Klingon","tlhIngan-Hol"],"fr":["klingon"],"wikiUrl":"https://en.wikipedia.org/wiki/Klingon_language"},"tli":{"639-2":"tli","de":["Tlingit-Sprache"],"en":["Tlingit"],"fr":["tlingit"],"wikiUrl":"https://en.wikipedia.org/wiki/Tlingit_language"},"tmh":{"639-2":"tmh","de":["Tamaeq"],"en":["Tamashek"],"fr":["tamacheq"],"wikiUrl":"https://en.wikipedia.org/wiki/Tamashek_language"},"tog":{"639-2":"tog","de":["Tonga (Bantusprache, Sambia)"],"en":["Tonga (Nyasa)"],"fr":["tonga (Nyasa)"],"wikiUrl":"https://en.wikipedia.org/wiki/Tonga_language_(Nyasa)"},"ton":{"639-1":"to","639-2":"ton","de":["Tongaisch"],"en":["Tonga (Tonga Islands)"],"fr":["tongan (Îles Tonga)"],"wikiUrl":"https://en.wikipedia.org/wiki/Tonga_language_(Tonga_Islands)"},"tpi":{"639-2":"tpi","de":["Neumelanesisch"],"en":["Tok Pisin"],"fr":["tok pisin"],"wikiUrl":"https://en.wikipedia.org/wiki/Tok_Pisin_language"},"tsi":{"639-2":"tsi","de":["Tsimshian-Sprache"],"en":["Tsimshian"],"fr":["tsimshian"],"wikiUrl":"https://en.wikipedia.org/wiki/Tsimshian_language"},"tsn":{"639-1":"tn","639-2":"tsn","de":["Tswana-Sprache"],"en":["Tswana"],"fr":["tswana"],"wikiUrl":"https://en.wikipedia.org/wiki/Tswana_language"},"tso":{"639-1":"ts","639-2":"tso","de":["Tsonga-Sprache"],"en":["Tsonga"],"fr":["tsonga"],"wikiUrl":"https://en.wikipedia.org/wiki/Tsonga_language"},"tuk":{"639-1":"tk","639-2":"tuk","de":["Turkmenisch"],"en":["Turkmen"],"fr":["turkmène"],"wikiUrl":"https://en.wikipedia.org/wiki/Turkmen_language"},"tum":{"639-2":"tum","de":["Tumbuka-Sprache"],"en":["Tumbuka"],"fr":["tumbuka"],"wikiUrl":"https://en.wikipedia.org/wiki/Tumbuka_language"},"tup":{"639-2":"tup","de":["Tupi-Sprache"],"en":["Tupi languages"],"fr":["tupi, langues"],"wikiUrl":"https://en.wikipedia.org/wiki/Tupi_languages"},"tur":{"639-1":"tr","639-2":"tur","de":["Türkisch"],"en":["Turkish"],"fr":["turc"],"wikiUrl":"https://en.wikipedia.org/wiki/Turkish_language"},"tut":{"639-2":"tut","de":["Altaische Sprachen (Andere)"],"en":["Altaic languages"],"fr":["altaïques, langues"],"wikiUrl":"https://en.wikipedia.org/wiki/Altaic_languages"},"tvl":{"639-2":"tvl","de":["Elliceanisch"],"en":["Tuvalu"],"fr":["tuvalu"],"wikiUrl":"https://en.wikipedia.org/wiki/Tuvalu_language"},"twi":{"639-1":"tw","639-2":"twi","de":["Twi-Sprache"],"en":["Twi"],"fr":["twi"],"wikiUrl":"https://en.wikipedia.org/wiki/Twi_language"},"tyv":{"639-2":"tyv","de":["Tuwinisch"],"en":["Tuvinian"],"fr":["touva"],"wikiUrl":"https://en.wikipedia.org/wiki/Tuvinian_language"},"udm":{"639-2":"udm","de":["Udmurtisch"],"en":["Udmurt"],"fr":["oudmourte"],"wikiUrl":"https://en.wikipedia.org/wiki/Udmurt_language"},"uga":{"639-2":"uga","de":["Ugaritisch"],"en":["Ugaritic"],"fr":["ougaritique"],"wikiUrl":"https://en.wikipedia.org/wiki/Ugaritic_language"},"uig":{"639-1":"ug","639-2":"uig","de":["Uigurisch"],"en":["Uighur","Uyghur"],"fr":["ouïgour"],"wikiUrl":"https://en.wikipedia.org/wiki/Uighur_language"},"ukr":{"639-1":"uk","639-2":"ukr","de":["Ukrainisch"],"en":["Ukrainian"],"fr":["ukrainien"],"wikiUrl":"https://en.wikipedia.org/wiki/Ukrainian_language"},"umb":{"639-2":"umb","de":["Mbundu-Sprache"],"en":["Umbundu"],"fr":["umbundu"],"wikiUrl":"https://en.wikipedia.org/wiki/Umbundu_language"},"und":{"639-2":"und","de":["Nicht zu entscheiden"],"en":["Undetermined"],"fr":["indéterminée"]},"urd":{"639-1":"ur","639-2":"urd","de":["Urdu"],"en":["Urdu"],"fr":["ourdou"],"wikiUrl":"https://en.wikipedia.org/wiki/Urdu_language"},"uzb":{"639-1":"uz","639-2":"uzb","de":["Usbekisch"],"en":["Uzbek"],"fr":["ouszbek"],"wikiUrl":"https://en.wikipedia.org/wiki/Uzbek_language"},"vai":{"639-2":"vai","de":["Vai-Sprache"],"en":["Vai"],"fr":["vaï"],"wikiUrl":"https://en.wikipedia.org/wiki/Vai_language"},"ven":{"639-1":"ve","639-2":"ven","de":["Venda-Sprache"],"en":["Venda"],"fr":["venda"],"wikiUrl":"https://en.wikipedia.org/wiki/Venda_language"},"vie":{"639-1":"vi","639-2":"vie","de":["Vietnamesisch"],"en":["Vietnamese"],"fr":["vietnamien"],"wikiUrl":"https://en.wikipedia.org/wiki/Vietnamese_language"},"vol":{"639-1":"vo","639-2":"vol","de":["Volapük"],"en":["Volapük"],"fr":["volapük"],"wikiUrl":"https://en.wikipedia.org/wiki/Volap%C3%BCk_language"},"vot":{"639-2":"vot","de":["Wotisch"],"en":["Votic"],"fr":["vote"],"wikiUrl":"https://en.wikipedia.org/wiki/Votic_language"},"wak":{"639-2":"wak","de":["Wakash-Sprachen"],"en":["Wakashan languages"],"fr":["wakashanes, langues"],"wikiUrl":"https://en.wikipedia.org/wiki/Wakashan_languages"},"wal":{"639-2":"wal","de":["Walamo-Sprache"],"en":["Wolaitta","Wolaytta"],"fr":["wolaitta","wolaytta"],"wikiUrl":"https://en.wikipedia.org/wiki/Wolaytta_language"},"war":{"639-2":"war","de":["Waray"],"en":["Waray"],"fr":["waray"],"wikiUrl":"https://en.wikipedia.org/wiki/Waray_language_(Philippines)"},"was":{"639-2":"was","de":["Washo-Sprache"],"en":["Washo"],"fr":["washo"],"wikiUrl":"https://en.wikipedia.org/wiki/Washo_language"},"wel":{"639-1":"cy","639-2":"cym","639-2/B":"wel","de":["Kymrisch"],"en":["Welsh"],"fr":["gallois"],"wikiUrl":"https://en.wikipedia.org/wiki/Welsh_language"},"wen":{"639-2":"wen","de":["Sorbisch (Andere)"],"en":["Sorbian languages"],"fr":["sorabes, langues"],"wikiUrl":"https://en.wikipedia.org/wiki/Sorbian_languages"},"wln":{"639-1":"wa","639-2":"wln","de":["Wallonisch"],"en":["Walloon"],"fr":["wallon"],"wikiUrl":"https://en.wikipedia.org/wiki/Walloon_language"},"wol":{"639-1":"wo","639-2":"wol","de":["Wolof-Sprache"],"en":["Wolof"],"fr":["wolof"],"wikiUrl":"https://en.wikipedia.org/wiki/Wolof_language"},"xal":{"639-2":"xal","de":["Kalmückisch"],"en":["Kalmyk","Oirat"],"fr":["kalmouk","oïrat"],"wikiUrl":"https://en.wikipedia.org/wiki/Kalmyk_language"},"xho":{"639-1":"xh","639-2":"xho","de":["Xhosa-Sprache"],"en":["Xhosa"],"fr":["xhosa"],"wikiUrl":"https://en.wikipedia.org/wiki/Xhosa_language"},"yao":{"639-2":"yao","de":["Yao-Sprache (Bantusprache)"],"en":["Yao"],"fr":["yao"],"wikiUrl":"https://en.wikipedia.org/wiki/Yao_language"},"yap":{"639-2":"yap","de":["Yapesisch"],"en":["Yapese"],"fr":["yapois"],"wikiUrl":"https://en.wikipedia.org/wiki/Yapese_language"},"yid":{"639-1":"yi","639-2":"yid","de":["Jiddisch"],"en":["Yiddish"],"fr":["yiddish"],"wikiUrl":"https://en.wikipedia.org/wiki/Yiddish_language"},"yor":{"639-1":"yo","639-2":"yor","de":["Yoruba-Sprache"],"en":["Yoruba"],"fr":["yoruba"],"wikiUrl":"https://en.wikipedia.org/wiki/Yoruba_language"},"ypk":{"639-2":"ypk","de":["Ypik-Sprachen"],"en":["Yupik languages"],"fr":["yupik, langues"],"wikiUrl":"https://en.wikipedia.org/wiki/Yupik_languages"},"zap":{"639-2":"zap","de":["Zapotekisch"],"en":["Zapotec"],"fr":["zapotèque"],"wikiUrl":"https://en.wikipedia.org/wiki/Zapotec_language"},"zbl":{"639-2":"zbl","de":["Bliss-Symbol"],"en":["Blissymbols","Blissymbolics","Bliss"],"fr":["symboles Bliss","Bliss"],"wikiUrl":"https://en.wikipedia.org/wiki/Blissymbols_language"},"zen":{"639-2":"zen","de":["Zenaga"],"en":["Zenaga"],"fr":["zenaga"],"wikiUrl":"https://en.wikipedia.org/wiki/Zenaga_language"},"zgh":{"639-2":"zgh","de":["Standard-marokkanischen Tamazight"],"en":["Standard Moroccan Tamazight"],"fr":["amazighe standard marocain"],"wikiUrl":"https://en.wikipedia.org/wiki/Standard_Moroccan_Tamazight"},"zha":{"639-1":"za","639-2":"zha","de":["Zhuang"],"en":["Zhuang","Chuang"],"fr":["zhuang","chuang"],"wikiUrl":"https://en.wikipedia.org/wiki/Zhuang_language"},"zho":{"639-1":"zh","639-2":"zho","639-2/B":"chi","de":["Chinesisch"],"en":["Chinese"],"fr":["chinois"],"wikiUrl":"https://en.wikipedia.org/wiki/Chinese_language"},"znd":{"639-2":"znd","de":["Zande-Sprachen"],"en":["Zande languages"],"fr":["zandé, langues"],"wikiUrl":"https://en.wikipedia.org/wiki/Zande_languages"},"zul":{"639-1":"zu","639-2":"zul","de":["Zulu-Sprache"],"en":["Zulu"],"fr":["zoulou"],"wikiUrl":"https://en.wikipedia.org/wiki/Zulu_language"},"zun":{"639-2":"zun","de":["Zuñi-Sprache"],"en":["Zuni"],"fr":["zuni"],"wikiUrl":"https://en.wikipedia.org/wiki/Zuni_language"},"zxx":{"639-2":"zxx","de":["Kein linguistischer Inhalt"],"en":["No linguistic content","Not applicable"],"fr":["pas de contenu linguistique","non applicable"]},"zza":{"639-2":"zza","de":["Zazaki"],"en":["Zaza","Dimili","Dimli","Kirdki","Kirmanjki","Zazaki"],"fr":["zaza","dimili","dimli","kirdki","kirmanjki","zazaki"],"wikiUrl":"https://en.wikipedia.org/wiki/Zaza_language"}}